movieId,avg_sentiment,review_count,weighted_sentiment,sentiment_score
1,0.7597496389022629,2077,5.803849941684244,0.8974683246004682
2,0.19258202567760344,701,1.2621697711034017,0.49749372964241223
3,0.01882845188284519,478,0.11620356773367832,0.39657130648336214
4,-0.18235294117647058,170,-0.9375974720681322,0.30376564244929566
5,0.0472972972972973,296,0.2692981417001277,0.41005396882694933
6,0.6170212765957447,940,4.224709596765447,0.7583973208930358
7,0.3165938864628821,458,1.940419826329212,0.5572255427446386
8,0.029411764705882353,68,0.12453254425286057,0.39730481894671316
9,-0.20588235294117646,102,-0.9542089093413956,0.3023027140515448
10,0.43355855855855857,888,2.943904769901862,0.6455999920182534
11,0.6050338818973863,1033,4.199655164005551,0.756190838662086
12,-0.36875,160,-1.873767859588021,0.221319420457379
13,0.25252525252525254,99,1.162921764138407,0.4887532019312455
14,0.45098039215686275,153,2.271566859912029,0.5863888469964019
15,-0.2808219178082192,146,-1.4014228497118368,0.2629176829747336
16,0.5689149560117303,682,3.7130205359434996,0.7133341246397092
17,0.704191616766467,835,4.738243861669226,0.8036230197285625
18,0.267515923566879,157,1.3543247859053031,0.5056095949905506
19,-0.32904884318766064,389,-1.9631536827964846,0.21344743099753444
20,-0.30625,160,-1.5561800867764919,0.2492885939841174
21,0.4690265486725664,1356,3.3831033448783017,0.6842791295916705
22,0.291005291005291,378,1.7278544512144627,0.5385054333092893
23,-0.06349206349206349,126,-0.3075674340608629,0.35925083731081275
24,0.15544871794871795,624,1.0007402404237675,0.47447027428749927
25,0.47244897959183674,980,3.254499029366085,0.6729532640364395
26,0.46,100,2.1229554377469797,0.5733010047983449
27,-0.03278688524590164,61,-0.13531588147688825,0.3744206076134319
28,0.7206703910614525,179,3.7424102444962966,0.7159224039400627
29,0.674937965260546,403,4.050582746415467,0.7430623977315161
30,0.43243243243243246,74,1.8670218869346207,0.5507615668640224
31,0.11347517730496454,141,0.5623633540540438,0.4358635008073933
32,0.6326935804103243,1511,4.632069000822596,0.7942724610439275
33,0.0,4,0.0,0.3863375442651356
34,0.6036550542547116,1751,4.508405784107155,0.7833817458990425
35,0.24285714285714285,70,1.035222255852891,0.47750702052162197
36,0.6713362068965517,928,4.587984638233859,0.7903900597280816
37,0.375,8,0.8239592165010823,0.4589016045916974
38,-0.10714285714285714,28,-0.36078169606997934,0.3545643882228827
39,0.4897209985315712,1362,3.534533604215556,0.6976152198419588
40,0.7,30,2.403791043139602,0.5980335053923594
41,0.7231404958677686,242,3.972255175969405,0.7361642813766593
42,-0.08144796380090498,221,-0.4400370718267015,0.34758456233776563
43,0.35542168674698793,166,1.8190459935698104,0.5465364480102907
44,-0.1189710610932476,311,-0.6832511831155976,0.32616529413808115
45,0.31433823529411764,544,1.9805778876606888,0.5607621643718951
46,0.10843373493975904,166,0.5549631844789253,0.4352117860856914
47,0.7247141600703606,1137,5.099833557169298,0.8354673342920319
48,0.010471204188481676,382,0.062283088891943936,0.39182266261707493
49,0.48148148148148145,27,1.6043947641584313,0.5276326425205956
50,0.8799775659001683,1783,6.588051760132692,0.9665310487286568
52,0.494199535962877,431,2.9990131097354884,0.6504532478786162
53,1.0,8,2.1972245773362196,0.579841705135967
54,-0.3170731707317073,41,-1.1851147570166778,0.2819674043360753
55,0.1111111111111111,45,0.4254045996098994,0.4238018803767872
56,-0.4444444444444444,9,-1.023371152441798,0.29621176551895884
57,0.30303030303030304,99,1.3955061169660885,0.5092363334644675
58,0.716566866267465,501,4.456042800337985,0.7787702667905981
59,-0.125,8,-0.27465307216702745,0.36214952415628165
60,0.19607843137254902,357,1.1530456836079805,0.48788343982524823
61,0.029850746268656716,67,0.12595545388585394,0.39743013109612535
62,0.5231053604436229,541,3.293087390771571,0.6763516460544495
63,-0.08108108108108109,111,-0.3825809895644671,0.3526445780957169
64,-0.5063291139240507,79,-2.218747663126016,0.19093789819990742
65,-0.5594405594405595,143,-2.7803151326299305,0.14148203325120437
66,-0.8041237113402062,97,-3.686881065322728,0.06164300273549983
67,0.25,4,0.40235947810852507,0.42177235324319934
68,0.38333333333333336,60,1.575834981266436,0.525117452730634
69,0.47648902821316613,319,2.748541665707377,0.6283948442458279
70,0.12691466083150985,914,0.865421434980263,0.46255308012925195
71,-0.5416666666666666,96,-2.4779684466893324,0.16810896176751494
72,0.5053763440860215,93,2.2960737071687114,0.5885471047197626
73,0.5758928571428571,224,3.119093535198081,0.6610284354155778
74,0.025,120,0.11989476363991854,0.39689638102231206
75,-0.5833333333333334,12,-1.4962204585192298,0.2545690908762988
76,-0.11235955056179775,178,-0.5828523377349163,0.3350071733561545
77,0.5882352941176471,34,2.0913812126408318,0.5705203405015169
78,0.22,50,0.8650016391993517,0.46251610974799906
79,-0.2543859649122807,114,-1.2070441379169672,0.2800361377312425
80,0.6346153846153846,52,2.5196083297542313,0.6082332487831194
81,0.1746987951807229,166,0.8941073527716019,0.46507937830936436
82,0.5393258426966292,89,2.4268636424253116,0.6000654524267873
83,0.5151515151515151,33,1.8166099672265075,0.5463219131656133
84,0.047619047619047616,21,0.14719249777896742,0.3993004252846676
85,0.33505154639175255,194,1.7667266562198118,0.5419288127345633
86,0.326271186440678,236,1.7840704697771406,0.5434562397091786
87,-0.5526315789473685,76,-2.4005240489191415,0.17492929927841042
88,-0.010416666666666666,192,-0.054819689467759225,0.3815097091320885
89,0.10480349344978165,229,0.5699297092321253,0.4365298510861437
90,0.5,6,0.9729550745276566,0.4720233031099322
92,-0.3977272727272727,88,-1.78525310159801,0.2291146973472392
93,-0.5280898876404494,89,-2.376303983208117,0.1770623008568517
94,0.4945054945054945,182,2.5761195261303733,0.6132100507665694
95,-0.05642633228840126,638,-0.36450871529403017,0.3542361588124992
96,0.6923076923076923,13,1.8270396897336407,0.5472404331579143
97,0.5681818181818182,44,2.1628764146422275,0.5768167469827983
98,-0.8333333333333334,6,-1.6215917908794277,0.24352794619047458
99,0.42,50,1.6513667657442168,0.5317693510960567
100,0.0390625,128,0.18983642204537782,0.403055970742572
101,0.6086956521739131,253,3.370551292967805,0.6831737012721437
102,-0.7333333333333333,60,-3.014640833727095,0.12084554546157336
103,0.15151515151515152,33,0.5342970491842669,0.4333917704123349
104,0.3841642228739003,682,2.5072458258175176,0.6071445134871415
105,0.1937984496124031,387,1.1552335929502469,0.4880761236162925
106,0.4166666666666667,12,1.068728898942307,0.48045786811430474
107,0.1484375,256,0.8236909813516342,0.458877981782247
108,0.0,7,0.0,0.3863375442651356
110,0.7564469914040115,2443,5.901338992999864,0.9060539454166129
111,0.760483870967742,1240,5.417438255199955,0.8634379983811639
112,0.37543859649122807,570,2.383054896256818,0.5962073239707444
113,0.0,53,0.0,0.3863375442651356
114,0.0,11,0.0,0.3863375442651356
116,0.7560975609756098,41,2.826042882116693,0.6352201856344332
117,0.5063291139240507,79,2.218747663126016,0.5817371903303638
118,0.04411764705882353,68,0.18679881637929088,0.40278845628750193
119,-0.38461538461538464,13,-1.0150220498520226,0.2969470504358141
120,-0.3333333333333333,3,-0.46209812037329684,0.3456417000873738
121,0.8108108108108109,37,2.9493941835619344,0.6460834311691357
122,-0.14948453608247422,194,-0.7882318927749931,0.31691990140954474
123,0.6,115,2.8521541146638185,0.6375197376217225
124,0.21428571428571427,14,0.5802964716647593,0.4374428263396365
125,0.5849056603773585,318,3.372092909176041,0.6833094676174852
126,-0.5959595959595959,99,-2.7444953633666405,0.1446365921731161
127,-1.0,1,-0.6931471805599453,0.3252937779984929
128,0.8333333333333334,12,2.137457797884614,0.5745781919634738
129,0.3076923076923077,13,0.8120176398816181,0.45784993932859275
130,0.5,2,0.5493061443340548,0.4347135844828434
131,0.0625,16,0.1770758340035135,0.40193217715919016
132,-0.34065934065934067,91,-1.5403895152584643,0.25067923075506193
133,-1.0,1,-0.6931471805599453,0.3252937779984929
134,1.0,2,1.0986122886681096,0.4830896247005512
135,-0.10526315789473684,133,-0.515562084205359,0.34093326037444566
136,0.375,8,0.8239592165010823,0.4589016045916974
137,0.07692307692307693,13,0.20300440997040453,0.4042156430309999
138,0.0,2,0.0,0.3863375442651356
139,1.0,1,0.6931471805599453,0.44738131053177826
140,0.1510791366906475,139,0.7465790710416934,0.4520869256236809
141,0.4208211143695015,682,2.746486839731403,0.6282138807793176
142,-1.0,1,-0.6931471805599453,0.3252937779984929
144,0.3418013856812933,433,2.075775037059723,0.5691459430269145
145,0.22375690607734808,362,1.3189133413686545,0.5024909962223739
146,-0.05555555555555555,18,-0.16357994328702444,0.37193146125134163
147,0.4143646408839779,181,2.156356362048396,0.5762425419975562
148,-0.21739130434782608,23,-0.6908812674669447,0.32549333138788694
149,0.6170212765957447,47,2.388613389709124,0.5966968468089143
150,0.7601918465227818,1251,5.422066484115669,0.863845595111098
151,0.4675090252707581,554,2.9541746235745965,0.6465044327557669
152,0.0,69,0.0,0.3863375442651356
153,-0.2277992277992278,777,-1.516397161878475,0.2527921782689386
154,0.5595238095238095,168,2.870300471445053,0.639117842602904
155,0.28735632183908044,87,1.2865910386431627,0.49964445057072654
156,0.3484848484848485,66,1.4652716703938216,0.5153804140527564
157,-0.1497326203208556,187,-0.7840661762526127,0.31728676581130116
158,0.011583011583011582,259,0.06440943974149259,0.39200992510316895
159,0.22413793103448276,116,1.0673838129719109,0.48033940970332323
160,-0.5079646017699115,565,-3.2197814167155996,0.10277931919540433
161,0.5710526315789474,760,3.788724838568384,0.7200012162537577
162,0.6578411405295316,491,4.077614308405327,0.7454430008677767
163,0.34444444444444444,540,2.1677333071582323,0.5772444815532394
164,0.48284960422163586,379,2.868209338384799,0.6389336816608376
165,0.4218181818181818,825,2.8331817953761216,0.635848892155398
166,-0.29508196721311475,61,-1.2178429332919942,0.27908511439980244
167,0.4,5,0.716703787691222,0.44945588294595895
168,0.011049723756906077,362,0.06513152303055084,0.39207351720129546
169,-0.5663716814159292,113,-2.6824486787367054,0.15010089098352192
170,0.1059190031152648,321,0.6116347431417753,0.4402027107810594
171,0.45161290322580644,93,2.051810546831615,0.5670354493522491
172,-0.25109170305676853,458,-1.5389536553645473,0.2508056834020815
173,-0.450354609929078,564,-2.853818680339,0.13500875670624782
174,-0.38271604938271603,81,-1.6865221810517512,0.23780968653012463
175,0.35909090909090907,220,1.9384311519086475,0.5570504050828056
176,0.6682926829268293,205,3.560580659142306,0.6999091198641714
177,-0.1079136690647482,139,-0.533270765029781,0.33937370043760323
178,0.42105263157894735,19,1.2613609572858908,0.49742249940009997
179,-0.5833333333333334,48,-2.2702285072311987,0.1864041069606102
180,0.36807095343680707,451,2.2502688289404666,0.5845131818259578
181,-0.7849462365591398,93,-3.5662421409216156,0.07226737589943828
182,0.061224489795918366,49,0.2395116125772334,0.40743074251561434
183,0.41379310344827586,29,1.4073920199981333,0.510283095691748
184,0.23076923076923078,26,0.7605777383086914,0.45331975379734646
185,-0.09490333919156414,569,-0.602222079938039,0.33330132783177774
186,-0.15165876777251186,211,-0.8123732738839071,0.31479382939035827
187,0.1523809523809524,105,0.7106192905313626,0.4489200362558282
188,0.18947368421052632,190,0.9951675968930457,0.47397950528674837
189,0.26666666666666666,15,0.7393569925972749,0.45145089494955437
190,0.49,100,2.2614090532522173,0.5854942739635542
191,-0.36,75,-1.559064002503079,0.24903461462376822
192,0.0,2,0.0,0.3863375442651356
193,-0.5990783410138248,217,-3.2257343694128178,0.10225505730235038
194,0.5633802816901409,213,3.02308507888555,0.6525732069574185
195,-0.10365853658536585,164,-0.5292748357092064,0.33972561209836494
196,-0.10545454545454545,550,-0.6656011253288528,0.3277196912882743
197,0.0,17,0.0,0.3863375442651356
198,0.228099173553719,605,1.4614040298802733,0.515039800471494
199,0.5811965811965812,117,2.7727055937065406,0.6305229019141478
200,-0.3333333333333333,12,-0.8549831191538455,0.31104128518580026
201,-0.15151515151515152,33,-0.5342970491842669,0.3392833181179363
202,-0.36666666666666664,30,-1.2591286416445535,0.27544918367468496
203,0.10837438423645321,203,0.5763479796284372,0.4370950923637495
204,-0.014778325123152709,203,-0.07859290631296871,0.3794160604335064
205,0.4,85,1.781738918501403,0.543250905726575
206,0.4878048780487805,82,2.1555320038032186,0.5761699427957562
207,0.1187214611872146,219,0.6403393434025634,0.44273065428027614
208,-0.21658986175115208,651,-1.4035119558089986,0.26273370054231815
209,-0.40384615384615385,52,-1.6033871189345108,0.24513118684460045
210,0.14634146341463414,41,0.5469760417000051,0.43450837807854803
211,0.5,34,1.7776740307447068,0.5428929210660597
212,-0.6428571428571429,14,-1.740889414994278,0.23302169804163295
213,0.6910569105691057,123,3.3310888868002286,0.6796983442830742
214,0.7857142857142857,28,2.6457324378465152,0.6193406885749896
215,0.56875,160,2.8900487325849133,0.6408570233584551
216,0.11830985915492957,355,0.6950622273120711,0.4475499639860591
217,-0.28125,64,-1.174046419658148,0.2829421655666247
218,0.11282051282051282,195,0.5954796025798533,0.4387799673116709
219,0.18181818181818182,22,0.5700898574416636,0.4365439549448122
220,-0.7142857142857143,28,-2.4052113071331958,0.17451650398345014
222,0.46808510638297873,329,2.714468902087906,0.6253941398113594
223,0.6303116147308782,1412,4.571946629312485,0.788977631754
224,0.3005181347150259,386,1.790614674589261,0.5440325717208436
225,0.15748031496062992,254,0.8726399283714056,0.4631887950765598
226,-1.0,1,-0.6931471805599453,0.3252937779984929
227,-0.21705426356589147,129,-1.0565191055252425,0.29329250687231934
228,-0.5384615384615384,13,-1.4210308697928316,0.2611908529040855
229,0.35185185185185186,108,1.6506594400435874,0.5317070586624227
230,0.3839541547277937,349,2.2491777727816147,0.5844170951952786
231,0.1606060606060606,660,1.0429362227640588,0.4781863706024137
232,0.7658959537572254,346,4.479974181173173,0.7808778446025156
233,0.39574468085106385,235,2.162282373903752,0.5767644312769723
234,-0.47619047619047616,147,-2.379624892268626,0.1767698365690814
235,0.5167206040992449,927,3.530768284794596,0.6972836174274953
236,0.24846625766871167,326,1.4386097357137348,0.5130323630839666
237,-0.0038910505836575876,257,-0.021606846633936253,0.38443468245934176
238,-0.03125,32,-0.10926586129582751,0.37671476877829363
239,-0.06547619047619048,168,-0.3358862253818679,0.3567568710553967
240,-0.2,45,-0.7657282792978191,0.3189017392641628
241,0.20689655172413793,29,0.7036960099990667,0.4483103199784418
242,0.4125,80,1.812710276302381,0.5459784769835715
243,-0.5,10,-1.1989476363991853,0.28074917669337135
244,-0.7,10,-1.6785266909588594,0.23851382966466564
245,-0.09090909090909091,11,-0.22590060452618185,0.36644303399525363
246,0.7807262569832403,716,5.133334350412274,0.838417666703136
247,0.610062893081761,477,3.7638505726520206,0.717810600873304
248,-0.028985507246376812,138,-0.14302822994581715,0.37374140006486495
249,0.5593869731800766,261,3.1148593775828353,0.660655543575215
250,-0.3,30,-1.030196161345544,0.29561070378203963
251,0.2777777777777778,18,0.8178997164351224,0.45836795933410523
252,0.22888283378746593,367,1.3522587651394828,0.5054276456264504
253,0.3888888888888889,738,2.568726969257634,0.6125590064768303
254,0.07894736842105263,38,0.2892285510102352,0.4118091909235636
255,-0.5909090909090909,66,-2.48459109327648,0.1675257215817786
256,-0.19724770642201836,218,-1.062982038450044,0.2927233322757497
257,0.17543859649122806,114,0.8324442330461842,0.45964885911609626
258,-0.3055555555555556,144,-1.5206686435173977,0.25241599939367
259,-0.058823529411764705,102,-0.27263111695468445,0.3623275927755382
260,0.8495486459378134,2991,6.7995302369237,0.9851554377036321
261,0.5017543859649123,285,2.8379186980604874,0.636266059516677
262,0.6104651162790697,172,3.1459047524550394,0.6633896333335089
263,0.6785714285714286,28,2.284950741776536,0.5875675325327367
264,0.4,5,0.716703787691222,0.44945588294595895
265,0.6282383419689119,772,4.177960283115155,0.7542802238959896
266,0.3148936170212766,705,2.065580968402127,0.5682481764891675
267,-0.19285714285714287,140,-0.9544036931443611,0.3022855599214059
268,0.37037037037037035,54,1.4841974760120262,0.517047163174685
269,0.4909090909090909,55,1.9760817390881644,0.5603661996327187
270,0.0379746835443038,79,0.16640607473445118,0.4009925177200277
271,0.15873015873015872,63,0.6601401719618526,0.444474464519081
272,0.5483028720626631,383,3.2627544022021477,0.6736802944045664
273,-0.06147540983606557,244,-0.33819210310725784,0.3565537980791863
274,-0.375,24,-1.2070784343255752,0.2800331173309443
275,-0.35,80,-1.5380572041353535,0.25088463165555364
276,-0.17543859649122806,228,-0.9532845620270596,0.3023841190445795
277,0.15294117647058825,170,0.7863720733474657,0.45559139740100135
278,-0.25,40,-0.928393016676077,0.30457625618231327
279,0.5869565217391305,46,2.2598692444819912,0.5853586667948298
280,0.4716981132075472,212,2.5289113989195404,0.6090525471884461
281,0.4892703862660944,233,2.6691270693166436,0.621400996191336
282,0.22325581395348837,215,1.2000621561341391,0.49202406484697936
283,0.1111111111111111,18,0.3271598865740489,0.41514971029272346
286,0.0,1,0.0,0.3863375442651356
287,-0.14285714285714285,21,-0.44157749333690227,0.3474489012065397
288,0.13142857142857142,700,0.8611867508674033,0.46218014192154017
289,0.24050632911392406,158,1.2191035423061316,0.49370099286382124
290,0.6130952380952381,168,3.145116474030218,0.6633202115926904
291,-0.5625,48,-2.1891489176872274,0.19354458686434325
292,0.22783083219645292,733,1.5033438032450532,0.5187333330924988
293,0.7497291440953413,923,5.1196844567454445,0.8372155541620601
294,0.16666666666666666,42,0.626866685948927,0.44154415049629486
295,-0.1724137931034483,29,-0.5864133416658889,0.3346935645040471
296,0.7503454629203132,2171,5.765207091863972,0.8940651439218713
297,0.07142857142857142,28,0.24052113071331957,0.4075196482933041
298,0.782608695652174,23,2.487172562881001,0.6053767106232307
299,0.4965034965034965,143,2.467529680209063,0.6036468102899996
300,0.5957446808510638,705,3.9078558861661863,0.7304927944187095
301,0.2558139534883721,43,0.9680485110023459,0.4715911941359484
302,0.5930232558139535,86,2.648387372690509,0.6195745021525605
303,-0.007177033492822967,418,-0.043334001817622994,0.38252122537566635
304,0.11428571428571428,35,0.4095450215378411,0.4224051663684632
305,-0.33070866141732286,127,-1.6046084337371962,0.24502362865574234
306,0.7754491017964071,334,4.508562298630815,0.7833955297479387
307,0.7325102880658436,243,4.026732280255926,0.7409619458759413
308,0.6782178217821783,202,3.603510985785767,0.7036898880745491
309,0.5625,48,2.1891489176872274,0.5791305016659279
310,-0.16666666666666666,6,-0.3243183581758855,0.3577756246502034
311,0.0,1,0.0,0.3863375442651356
312,-0.35714285714285715,112,-1.6883527923972645,0.23764846909429768
313,-0.07407407407407407,54,-0.29683949520240527,0.3601956204832257
314,0.6,300,3.424266158849325,0.687904237311065
315,-0.21568627450980393,153,-1.0864015416970574,0.29066083426322564
316,0.3727598566308244,1116,2.6161784483985553,0.6167379414605157
317,0.18252730109204368,641,1.1799638557437215,0.4902540569961239
318,0.9039066008082622,2227,6.968089078090689,1.0
319,0.6666666666666666,273,3.7420854042587135,0.7158937960598127
320,0.28125,32,0.9833927516624476,0.4729425236467136
321,0.5737704918032787,61,2.3680279258455443,0.5948839356699501
322,0.49760765550239233,209,2.660761642079506,0.6206642736029647
324,0.7272727272727273,33,2.564625836084481,0.6121978297716923
325,-0.2857142857142857,49,-1.117720858693756,0.2879026190962348
326,0.8360655737704918,61,3.4505549776606506,0.6902194288835797
327,-0.20391061452513967,358,-1.1996718836861575,0.2806853940172744
328,0.11805555555555555,144,0.58753106681354,0.4380799593291109
329,0.298989898989899,990,2.062645961779471,0.5679896976793428
330,-0.19463087248322147,149,-0.9752243189851773,0.3004519386458706
331,0.047619047619047616,21,0.14719249777896742,0.3993004252846676
332,-0.2670807453416149,161,-1.3587990212111336,0.2666714586480105
333,0.35853658536585364,410,2.1578858598315764,0.5763772411030281
334,0.5877192982456141,114,2.7886881807047175,0.631930449015854
335,0.4146341463414634,41,1.5497654514833479,0.5228215734031374
336,-0.2631578947368421,19,-0.7883505983036818,0.3169094473057829
337,0.6176046176046176,693,4.040660893357738,0.7421886045516913
338,-0.058823529411764705,221,-0.31780455187483997,0.3583492795398128
339,0.3818722139673105,673,2.4872216025326344,0.605381029424657
340,0.2261904761904762,84,1.0048854032537622,0.4748353285761526
341,0.5161290322580645,31,1.7887669175740524,0.5438698443080844
342,0.5154440154440154,518,3.2225064417090583,0.6701357555794002
343,-0.30952380952380953,42,-1.1641809881908647,0.2838109898358397
344,0.1475195822454308,766,0.9798968780084855,0.47263465065780846
345,0.579957356076759,469,3.5683225862676253,0.7005909323322096
346,0.44166666666666665,120,2.1181408243052275,0.572876993641919
347,0.15217391304347827,46,0.5858920263471828,0.43793561306913037
348,0.5340659340659341,455,3.2698148411252657,0.6743020898838679
349,0.5835694050991501,1059,4.065158590775805,0.7443460564712843
350,0.3300970873786408,515,2.061821650741487,0.5679171026349642
351,0.2723735408560311,257,1.5124792643755376,0.5195378706707037
352,0.13445378151260504,119,0.6436963687774179,0.443026299242964
353,0.3201634877384196,734,2.1130375576498865,0.5724275615073855
354,0.16417910447761194,67,0.6927549963721966,0.4473467718355794
355,-0.44569288389513106,267,-2.4918631111640144,0.1668852928638043
356,0.6818596171376481,2194,5.246185159052812,0.8483561596796053
357,0.5555555555555556,1233,3.9544534469251853,0.7345965269121031
358,0.14893617021276595,141,0.7381019021959324,0.45134036222684876
359,0.10526315789473684,19,0.3153402393214727,0.41410878304887666
360,-0.3464566929133858,127,-1.681018359153253,0.23829439457910462
361,0.34328358208955223,268,1.9205725631469,0.5554776431228658
362,0.2803347280334728,239,1.5364134220247423,0.5216456930297974
363,0.8548387096774194,62,3.5417119435282456,0.6982473985184018
364,0.6048171275646744,1121,4.247550903090126,0.7604088985256277
365,0.19718309859154928,71,0.8432862769890813,0.4606036912424684
366,-0.099601593625498,251,-0.5507399489553211,0.3378352324032123
367,0.22985581000848176,1179,1.6258321403151665,0.5295205794785512
368,0.40523690773067333,802,2.710368182085658,0.6250329994931662
369,0.2413793103448276,58,0.9842331761151738,0.47301653775987146
370,-0.021844660194174758,412,-0.13158016586565363,0.3747496028932319
371,0.1650943396226415,212,0.8851189896218391,0.4642877952882943
372,0.15654205607476634,428,0.9488729288976101,0.46990244781358337
373,0.6511627906976745,258,3.61839966808342,0.7050010976815219
374,-0.5628415300546448,183,-2.9351824209493196,0.12784325231743418
375,0.23529411764705882,17,0.6800874724461563,0.4462311741798354
376,0.20285714285714285,350,1.1889023481887897,0.49104124802696975
377,0.44545454545454544,1650,3.3004335068371478,0.6769986004165988
378,-0.07142857142857142,140,-0.3534828493127263,0.35520717969338383
379,-0.05045871559633028,436,-0.306785619936016,0.35931968975664186
380,0.4785714285714286,1400,3.467222025746996,0.6916872547887732
381,0.2037914691943128,211,1.0916265867815,0.4824744111281175
382,0.003676470588235294,272,0.02062305807053294,0.38815376623338194
383,0.24444444444444444,270,1.3694068228817047,0.5069378328682097
384,-0.075,40,-0.2785179050028231,0.36180915784028894
385,0.3,10,0.7193685818395111,0.44969056480819414
386,-0.16666666666666666,30,-0.5723312007475243,0.3359337439967489
387,-0.16666666666666666,102,-0.772454831371606,0.31830934837794306
388,0.5051546391752577,97,2.316117592318124,0.5903123203542657
389,0.55,20,1.6744873407478829,0.5338055232338904
390,0.3728813559322034,59,1.5267047520150205,0.5207906743563395
391,0.2,40,0.7427144133408616,0.4517465747313934
392,-0.12,25,-0.39097158456257786,0.3519056390445778
393,-0.6857142857142857,105,-3.1977868073911315,0.10471633030701893
394,0.3888888888888889,18,1.1450596030091713,0.4871801253616931
396,1.0,1,0.6931471805599453,0.44738131053177826
397,-0.3333333333333333,12,-0.8549831191538455,0.31104128518580026
398,1.0,1,0.6931471805599453,0.44738131053177826
401,0.0,2,0.0,0.3863375442651356
402,0.0,1,0.0,0.3863375442651356
404,0.5,4,0.8047189562170501,0.45720716222126306
405,-0.5073891625615764,203,-2.6983564500785926,0.14869993271253407
406,0.625,8,1.3732653608351373,0.5072776448094053
407,-0.02072538860103627,193,-0.10917840744172701,0.37672247062398895
408,0.2222222222222222,72,0.953435431366309,0.47030425617709026
409,0.08163265306122448,49,0.31934881676964455,0.41446180859910725
410,-0.023758099352051837,463,-0.14587198720191968,0.3734909573621761
411,-0.23076923076923078,13,-0.6090132299112136,0.3327032479675427
412,0.4101694915254237,295,2.3340118439769872,0.5918882230577835
413,-0.31020408163265306,245,-1.707776313187182,0.235937887422138
414,-0.2222222222222222,90,-1.002413223670411,0.2980574787256692
415,-0.37988826815642457,179,-1.9727433846957223,0.2126028895527709
416,-0.39325842696629215,89,-1.7695880726017896,0.2304942778972646
417,0.375,208,2.003375344486804,0.5627698802870678
418,-0.3448275862068966,29,-1.1728266833317778,0.28304958474295855
419,-0.532051282051282,156,-2.690182063101984,0.14941983085533553
420,-0.33238636363636365,352,-1.9499339848329424,0.21461165726178924
421,0.2872340425531915,94,1.3080284688639852,0.5015323922899733
422,0.12280701754385964,57,0.49865089603201634,0.4302525014340306
423,0.11312217194570136,221,0.6111625997593076,0.4401611302753716
424,-0.26666666666666666,75,-1.1548622240763549,0.2846316704567153
425,0.4666666666666667,105,2.176271577252298,0.5779964259866316
426,0.08178438661710037,269,0.45786350594038755,0.4266604563717274
427,-0.41566265060240964,166,-2.12735887383588,0.1989862839530051
428,0.6844106463878327,263,3.816238929910026,0.7224243145624626
429,-0.3689839572192513,187,-1.9321630771939384,0.21617669736104367
430,-0.4583333333333333,24,-1.4753180863979252,0.2564099113455685
431,0.5420054200542005,369,3.2051506805627477,0.6686072764100278
432,-0.288265306122449,392,-1.7220420564827208,0.2346815385199477
433,-0.14583333333333334,48,-0.5675571268077997,0.33635418493900426
434,0.09620991253644315,686,0.6284753109135205,0.4416858181378916
435,-0.2551594746716698,533,-1.6025025029992241,0.2452090927928664
436,-0.2127659574468085,141,-1.054431288851332,0.2934763757484025
437,-0.625,64,-2.608992043684773,0.15657003604622255
438,-0.23026315789473684,152,-1.158324521373258,0.28432675445494054
439,1.0,2,1.0986122886681096,0.4830896247005512
440,0.6350210970464135,948,4.353329215994912,0.7697245342089805
441,0.4774494556765163,643,3.087999236258222,0.6582900370350541
442,0.0265625,640,0.17167421994945528,0.40145647030352327
443,0.2903225806451613,31,1.0061813911354045,0.4749494630392943
444,-0.43209876543209874,81,-1.9041379463487513,0.218644801661091
445,-0.23,100,-1.0614777188734899,0.29285581399853094
446,0.7440944881889764,254,4.123223661554892,0.7494597043491149
447,-0.3548387096774194,31,-1.2297772558321611,0.2780340879856083
448,0.4342105263157895,228,2.359379291016973,0.5941222716860118
449,0.4788732394366197,71,2.0479809584020545,0.5666981869243725
450,0.2236842105263158,228,1.215437816584501,0.49337816142134455
451,0.12264150943396226,106,0.5730827815849507,0.4368075344081363
452,0.3157894736842105,38,1.1569142040409408,0.48822413089884764
453,0.14925373134328357,67,0.6297772694292696,0.4418004784200846
454,0.4587378640776699,824,3.0806006311098417,0.6576384600885649
455,-0.24561403508771928,285,-1.3891909710785602,0.26399491442172374
456,0.7204301075268817,93,3.2731263485170996,0.6745937261898166
457,0.7824561403508772,1995,5.94580632239412,0.90997007367649
458,0.20689655172413793,87,0.9263455478230773,0.46791851680516106
459,-0.08391608391608392,143,-0.4170472698944896,0.3496092176130459
460,-0.47368421052631576,38,-1.7353713060614113,0.23350766431456746
461,0.2558139534883721,86,1.142441611748847,0.486949565314613
462,-0.2857142857142857,28,-0.9620845228532783,0.3016091281524614
463,-0.1702127659574468,47,-0.6589278316438962,0.3283073918392656
464,-0.125,216,-0.6724871691925575,0.32711325435264643
465,0.2,105,0.9326878188224135,0.46847706500291963
466,-0.10471204188481675,573,-0.6651967954261326,0.3277552996276984
467,0.18518518518518517,54,0.7420987380060131,0.4516923537199103
468,0.22,350,1.2893729691624904,0.49988944834487126
469,-0.028985507246376812,69,-0.12314478962461911,0.3754924857182228
470,-0.7105263157894737,38,-2.603056959092117,0.15709272433928345
471,0.44240400667779634,599,2.8300273099036373,0.6355710843834348
472,-0.18181818181818182,44,-0.6921204526855127,0.3253841993954835
473,-0.45695364238410596,151,-2.295680502903265,0.18416261234243964
474,0.6563786008230452,972,4.5161368769904024,0.7840626042220461
475,0.6762820512820513,312,3.8860540807819626,0.7285727630755966
476,-0.17142857142857143,35,-0.6143175323067617,0.33223611111014417
477,0.40512820512820513,195,2.1383131183549278,0.5746535179322395
478,-0.375,24,-1.2070784343255752,0.2800331173309443
479,-0.14285714285714285,133,-0.6996913999929872,0.3247174446991992
480,0.5505239520958084,2672,4.3441606771857595,0.7689170835610237
481,0.3129251700680272,294,1.779597730555318,0.5430623365739051
482,0.3806818181818182,176,1.9704660913775371,0.5598716433596824
483,0.5540540540540541,74,2.3921217926349825,0.5970058232199593
484,-0.13793103448275862,29,-0.4691306733327111,0.3450223604562648
485,-0.326,500,-2.026613588953666,0.20785867324534582
486,-0.140625,64,-0.587023209829074,0.33463985491588016
487,-0.24193548387096775,62,-1.002371304772145,0.29806117041987157
488,0.3333333333333333,39,1.2296264847046454,0.49462772250252995
489,-0.3711340206185567,97,-1.7016374147643363,0.23647852509761136
490,0.2864864864864865,185,1.497105803820539,0.5181839678357087
491,0.2783018867924528,212,1.4920577253625287,0.5177393959898888
492,0.5701492537313433,335,3.3166215867252897,0.6784242447713795
493,0.47315436241610737,298,2.697189744456667,0.6238724069250282
494,0.3245192307692308,416,1.957852499862592,0.5587607953986489
495,0.30952380952380953,42,1.1641809881908647,0.4888640986944314
496,0.13513513513513514,37,0.4915656972603224,0.4296285254158022
497,0.7031484257871065,667,4.573479990087986,0.7891126710636982
498,-0.1276595744680851,47,-0.4941958737329222,0.3428149299457331
499,-0.1836734693877551,49,-0.7185348377317003,0.32305794951369937
500,0.33651551312649164,838,2.2654933403624726,0.5858539670773931
501,0.3723404255319149,94,1.6955924596384992,0.5356641991121474
502,-0.6645161290322581,155,-3.355710766107757,0.09080835593422713
503,0.46153846153846156,13,1.2180264598224273,0.4936061368603214
504,-0.028089887640449437,178,-0.14571308443372907,0.3735049515378903
505,-0.37681159420289856,69,-1.6008822651200485,0.24535178315526945
506,0.34210526315789475,114,1.6232662544400593,0.529294608224509
507,0.41883116883116883,308,2.401302028311069,0.5978143039821994
508,0.6399286987522281,561,4.0517097399497946,0.7431616492784068
509,0.48355263157894735,608,3.1004515965570882,0.6593866857596986
510,-0.38095238095238093,42,-1.4328381393118332,0.2601510157367714
511,0.07894736842105263,152,0.39713983589940277,0.42131267220005963
512,-0.0782122905027933,179,-0.4061530497902958,0.3505686447655311
513,0.11940298507462686,67,0.5038218155434158,0.43070789158909484
514,0.4161849710982659,346,2.434401064486554,0.6007292546371459
515,0.6355555555555555,450,3.884177020217258,0.7284074549713531
516,-0.09274193548387097,248,-0.5116992605592269,0.3412734497460496
517,0.14921465968586387,382,0.887534016710201,0.4645004807802709
518,-0.3624161073825503,149,-1.815934938799985,0.2264126234568491
519,-0.6633663366336634,202,-3.5246019860970272,0.07593452185300847
520,-0.02406417112299465,374,-0.1426265621222826,0.3737767739615269
521,0.3333333333333333,117,1.5902282081552217,0.5263850287991279
522,0.43373493975903615,83,1.9218000573296299,0.5555857455145162
523,0.49572649572649574,117,2.3649547711026373,0.5946132904951754
524,0.46008403361344535,476,2.83757586450535,0.636235867009234
525,0.14285714285714285,21,0.44157749333690227,0.42522618732373146
526,-0.25,8,-0.5493061443340549,0.3379615040474277
527,0.8784722222222222,2304,6.801866308069373,0.985361169740057
528,-0.36764705882352944,68,-1.5566568031607573,0.24924661074541615
529,0.7055555555555556,720,4.643006502417714,0.795235699890797
530,0.5,2,0.5493061443340548,0.4347135844828434
531,0.5532544378698225,338,3.2232604144382964,0.6702021561020394
532,0.07197943444730077,389,0.42943986811173107,0.42415725654242337
533,-0.16748768472906403,203,-0.890719604880312,0.30789406084000503
534,0.6048951048951049,286,3.423393088553897,0.6878273481588861
535,0.574750830564784,301,3.282072671115789,0.675381606803021
536,0.21818181818181817,55,0.8782585507058508,0.4636836133173947
537,0.07729468599033816,207,0.4125633298319859,0.4226709813514797
538,0.5904761904761905,315,3.398628735641796,0.6856464125462075
539,0.5456389452332657,986,3.7620004880478835,0.7176476684755162
540,-0.5680473372781065,169,-2.9173766269634624,0.12941136477139611
541,0.7816666666666666,1800,5.859449424812539,0.9023648342420252
542,-0.15048543689320387,206,-0.802496517433138,0.31566365102299665
543,0.30498533724340177,682,1.9904852357635254,0.561634680136041
544,-0.26356589147286824,129,-1.2829160567092233,0.2733542845738587
545,-1.0,1,-0.6931471805599453,0.3252937779984929
546,-0.6857142857142857,350,-4.018824838948022,0.032409531549076456
547,-0.04838709677419355,124,-0.23362808406301458,0.365762493890776
548,-0.32116788321167883,137,-1.5824756361088834,0.24697280967117718
549,0.5477707006369427,157,2.7731412282822876,0.6305612671790807
550,0.028089887640449437,178,0.14571308443372907,0.39917013699238085
551,0.5040160642570282,996,3.4801053077518507,0.6928218537275098
552,0.20793950850661624,529,1.3043789616636643,0.5012109891727523
553,0.593128390596745,553,3.7468897237850074,0.7163169006564389
554,-0.2692307692307692,26,-0.8873406946934732,0.3081916331442229
555,0.6337386018237082,658,4.113422057579856,0.7485965012100543
556,0.8409090909090909,132,4.112339039641021,0.7485011224856288
557,1.0,2,1.0986122886681096,0.4830896247005512
558,-0.15555555555555556,135,-0.7641907600033859,0.31903714480438883
559,0.0,5,0.0,0.3863375442651356
560,0.625,8,1.3732653608351373,0.5072776448094053
561,0.46153846153846156,13,1.2180264598224273,0.4936061368603214
562,0.5711297071129707,478,3.5248415545882423,0.6967616648846748
563,0.23529411764705882,17,0.6800874724461563,0.4462311741798354
564,-0.5111111111111111,45,-1.9568611582055373,0.21400159815153852
565,0.13114754098360656,61,0.541263525907553,0.43400529087195033
566,-0.15384615384615385,13,-0.40600881994080906,0.350581346733407
567,0.35714285714285715,14,0.9671607861079322,0.4715130143893037
568,0.6857142857142857,35,2.4572701292270467,0.6027432768851013
569,0.0,100,0.0,0.3863375442651356
570,0.17391304347826086,23,0.5527050139735558,0.4350129145669345
571,0.4411764705882353,34,1.5685359094806235,0.5244746414424215
572,0.0,2,0.0,0.3863375442651356
573,0.38095238095238093,21,1.1775399822317394,0.4900405924213912
574,0.36,175,1.8613742382137344,0.5502641923407713
575,-0.12149532710280374,107,-0.5688570649777089,0.33623970258369706
576,0.0,1,0.0,0.3863375442651356
577,0.07272727272727272,55,0.2927528502352836,0.4121195672825553
578,1.0,2,1.0986122886681096,0.4830896247005512
579,-1.0,1,-0.6931471805599453,0.3252937779984929
580,0.22580645161290322,62,0.9355465511206686,0.46872882652071535
581,0.7446808510638298,141,3.690509510979662,0.7113516340737014
582,0.0,2,0.0,0.3863375442651356
583,0.4642857142857143,28,1.5633873496365773,0.5240212204482311
584,1.0,1,0.6931471805599453,0.44738131053177826
585,-0.011961722488038277,418,-0.07222333636270499,0.3799770127826869
586,0.1437037037037037,675,0.9364010790758037,0.46880408269461976
587,0.3790035587188612,1124,2.66270402316371,0.6208353343245984
588,0.5751295336787565,1351,4.146304499911518,0.7514923769782408
589,0.7187617969044923,2649,5.665506834933344,0.8852847876692772
590,0.6044107512060648,1451,4.40053166116638,0.7738815373838811
591,-0.5,2,-0.5493061443340548,0.33796150404742775
592,0.45143256464011183,1431,3.2804825062881218,0.6752415649002506
593,0.8425135764158262,2578,6.618076422332925,0.9691752468340366
594,0.5976408912188729,763,3.967479569934382,0.7357437055065418
595,0.589622641509434,1060,4.107881567579,0.7481085638915447
596,0.5481927710843374,498,3.4057057512854714,0.686269667896491
597,0.4684512428298279,1046,3.2574620108284544,0.6732142065215481
598,0.75,8,1.6479184330021646,0.5314656649182592
599,0.7310606060606061,264,4.079120668239928,0.7455756622710629
600,0.06666666666666667,30,0.22893248029900976,0.4064990643724902
601,0.0,1,0.0,0.3863375442651356
602,0.7073170731707317,41,2.643717534883358,0.6191632410299622
603,0.017241379310344827,58,0.07030236972251241,0.392528900943331
605,0.25663716814159293,226,1.3922438097961123,0.5089490301009696
606,-0.5053763440860215,93,-2.2960737071687114,0.18412798381050857
607,-0.5,2,-0.5493061443340548,0.33796150404742775
608,0.7688022284122563,2513,6.01943729082299,0.9164545718506403
609,-0.07462686567164178,67,-0.3148886347146348,0.35860607718766113
610,0.3705501618122977,618,2.3819354489397613,0.5961087370006365
611,-0.2824074074074074,216,-1.5193228637313334,0.2525345189072898
612,-0.43037974683544306,79,-1.8859355136571134,0.22024784510969167
613,0.5121951219512195,82,2.2633086039933796,0.5856615627222873
614,-0.2222222222222222,9,-0.511685576220899,0.3412746548920472
615,0.7313432835820896,67,3.0859086202034214,0.6581059216243855
616,0.302158273381295,278,1.7015172290395493,0.5361859789716705
617,0.35294117647058826,17,1.0201312086692347,0.4761779891371853
618,-0.5555555555555556,9,-1.2792139405522478,0.2736803208324146
619,-0.25,32,-0.8741268903666201,0.3093553403703996
621,0.5238095238095238,42,1.9701524415537708,0.5598440209916363
623,0.0,3,0.0,0.3863375442651356
624,1.0,1,0.6931471805599453,0.44738131053177826
626,-0.3684210526315789,19,-1.1036908376251544,0.2891382085220418
627,0.4297520661157025,121,2.0645379696374326,0.5681563221549164
628,0.6639175257731958,485,4.107132323496822,0.7480425798092143
630,0.0,7,0.0,0.3863375442651356
631,-0.5466666666666666,75,-2.3674675593565273,0.177840502957874
632,0.6153846153846154,13,1.6240352797632363,0.5293623343920499
633,0.45,20,1.3700350969755404,0.5069931634213896
634,-0.6666666666666666,3,-0.9241962407465937,0.30494585590961204
635,0.4805194805194805,77,2.093483462175518,0.5707054804441275
637,-0.2642857142857143,140,-1.3078865424570874,0.27115519534965415
638,0.21052631578947367,19,0.6306804786429454,0.44188002183261776
639,-0.23076923076923078,78,-1.008334119800082,0.2975360399756237
640,-0.23943661971830985,71,-1.0239904792010273,0.29615722293551716
641,-1.0,1,-0.6931471805599453,0.3252937779984929
642,-1.0,1,-0.6931471805599453,0.3252937779984929
643,-0.6666666666666666,3,-0.9241962407465937,0.30494585590961204
644,-1.0,1,-0.6931471805599453,0.3252937779984929
645,0.45,20,1.3700350969755404,0.5069931634213896
647,0.46485260770975056,441,2.831561283051991,0.6357061776233032
648,0.343811394891945,1527,2.5207271506918105,0.6083317805895283
649,0.75,16,2.1249100080421623,0.5734731389937903
650,0.39325842696629215,89,1.7695880726017896,0.5421808106330066
651,-1.0,1,-0.6931471805599453,0.3252937779984929
652,-0.1111111111111111,9,-0.2558427881104495,0.36380609957859145
653,0.2107843137254902,612,1.3528906482610643,0.5054832940178215
655,-1.0,1,-0.6931471805599453,0.3252937779984929
656,-0.2564102564102564,39,-0.945866526695881,0.3030374071594476
657,0.0,2,0.0,0.3863375442651356
658,0.0,1,0.0,0.3863375442651356
659,0.44,25,1.4335624767294521,0.512587863407181
660,-1.0,2,-1.0986122886681096,0.2895854638297199
661,0.3657142857142857,525,2.29131015780122,0.5881275906506815
662,0.0390625,128,0.18983642204537782,0.403055970742572
663,0.3181818181818182,264,1.7753685809956161,0.5426898857806687
664,0.0,8,0.0,0.3863375442651356
665,0.4,35,1.433407575382444,0.5125742216267822
666,0.0,3,0.0,0.3863375442651356
667,-0.6170212765957447,47,-2.388613389709124,0.17597824172135682
668,0.8085106382978723,47,3.1299072003085073,0.6619807682880181
669,0.7391304347826086,23,2.348996309387612,0.5932078680477809
670,0.8214285714285714,56,3.321077827149809,0.6788166948981802
671,0.4956140350877193,456,3.035479048995812,0.6536647134018585
672,-1.0,2,-1.0986122886681096,0.2895854638297199
673,-0.2468916518650089,563,-1.5640720088068032,0.24859357183395342
674,0.031088082901554404,386,0.18523600081957872,0.40265082296745025
678,0.7941176470588235,306,4.547790858378068,0.7868502924582967
679,0.5,2,0.5493061443340548,0.4347135844828434
680,0.265625,64,1.1088216185660285,0.4839887352581736
681,0.6,15,1.6635532333438687,0.5328425833050779
682,0.5,4,0.8047189562170501,0.45720716222126306
684,-1.0,1,-0.6931471805599453,0.3252937779984929
685,0.2,30,0.6867974408970293,0.44682210458719956
687,-0.3333333333333333,3,-0.46209812037329684,0.3456417000873738
688,-0.4647887323943662,213,-2.4940451900805787,0.16669312254400223
690,-0.5,2,-0.5493061443340548,0.33796150404742775
691,0.06611570247933884,121,0.3176212260980666,0.41430966394048646
692,-0.5377358490566038,106,-2.512747580795553,0.16504604902274797
694,-0.2198581560283688,141,-1.08957899847971,0.2903810034645114
695,0.18518518518518517,135,0.9097509047659356,0.46645706743269133
696,0.0,4,0.0,0.3863375442651356
697,-0.2823529411764706,85,-1.2576980601186374,0.2755751714688254
698,-0.6,5,-1.0750556815368328,0.2916600362439006
700,0.25517241379310346,145,1.2716789310566101,0.4983311779562131
701,1.0,1,0.6931471805599453,0.44738131053177826
702,0.4444444444444444,27,1.4809797823000905,0.5167637888086372
703,-0.8,10,-1.9183162182386966,0.21739615615031282
704,-0.35714285714285715,42,-1.3432857556048436,0.2680376737697942
705,0.75,36,2.7081884344831684,0.624841034486457
706,0.0,2,0.0,0.3863375442651356
707,0.10181818181818182,275,0.5722589972366553,0.4367349857480222
708,0.3549337260677467,679,2.314910698614148,0.5902060321960788
709,0.10416666666666667,144,0.5184097648354765,0.431992616380408
710,-0.37254901960784315,51,-1.4720319735891594,0.2566993112130859
711,-0.27419354838709675,62,-1.1360208120750976,0.28629098724050306
712,0.5,2,0.5493061443340548,0.4347135844828434
714,0.5751633986928104,153,2.8970707778588194,0.6414754376035621
715,0.4423076923076923,52,1.7560906540711307,0.5409921262019122
716,-0.25,28,-0.8418239574966185,0.31220018016654566
717,1.0,1,0.6931471805599453,0.44738131053177826
718,0.36363636363636365,33,1.2823129180422406,0.49926768701841395
719,-0.09623430962343096,239,-0.5274255030831205,0.3398884782712965
720,0.865296803652968,438,5.2648978939623055,0.8500041441886124
722,0.7037037037037037,27,2.344884655308477,0.5928457647923463
724,0.07692307692307693,416,0.46408355552298475,0.4272082408301165
725,-0.12087912087912088,91,-0.5465898279949389,0.33820072334220624
726,0.0,9,0.0,0.3863375442651356
728,0.5714285714285714,217,3.076854321593765,0.6573085318296384
729,0.3333333333333333,3,0.46209812037329684,0.4270333884428974
730,-1.0,1,-0.6931471805599453,0.3252937779984929
731,-0.14893617021276595,47,-0.5765618526884092,0.3355611608924993
732,0.0,6,0.0,0.3863375442651356
733,0.5223880597014925,1340,3.7618056852963986,0.7176305126766278
734,0.0,3,0.0,0.3863375442651356
735,0.26732673267326734,101,1.2363788708779735,0.4952223885343152
736,0.15405405405405406,1110,1.0803835135390782,0.48148426133832156
737,-0.5766666666666667,300,-3.2911002526718516,0.09649844483765893
741,0.7070063694267515,314,4.067105496239779,0.744517515643909
742,-0.2988505747126437,174,-1.5434992565748435,0.25040536349080583
743,-0.24299065420560748,107,-1.1377141299554179,0.28614186090225857
744,-0.6666666666666666,3,-0.9241962407465937,0.30494585590961204
745,0.923896499238965,657,5.9953537188956885,0.9143335909438024
746,0.7096774193548387,31,2.4595545116643223,0.6029444568241902
747,-0.6,55,-2.41521101444109,0.17363585437142284
748,0.1366906474820144,417,0.8249938648774847,0.458992723527803
749,0.0,4,0.0,0.3863375442651356
750,0.8500365764447696,1367,6.13820345580692,0.9269140157018116
751,0.26666666666666666,15,0.7393569925972749,0.45145089494955437
753,0.1875,32,0.6555951677749651,0.4440741971861876
754,-0.07692307692307693,13,-0.20300440997040453,0.3684594454992713
755,0.7777777777777778,9,1.7908995167731467,0.5440576570709449
756,0.0,4,0.0,0.3863375442651356
757,0.75,4,1.2070784343255752,0.4926419711993269
758,1.0,1,0.6931471805599453,0.44738131053177826
759,0.711864406779661,59,2.9146181629377663,0.6430207926210704
760,0.3939393939393939,33,1.389172327879094,0.5086785322478539
761,-0.17073170731707318,123,-0.8229749014447625,0.3138601701430566
762,-0.5335570469798657,298,-3.0415118394936878,0.11847908211674606
763,0.0,1,0.0,0.3863375442651356
764,0.22972972972972974,74,0.9918553774340172,0.4736878062707942
765,-0.21637426900584794,171,-1.1137853546321506,0.2882492092531536
766,0.43,100,1.9845018222417417,0.5611077356331355
767,0.16666666666666666,24,0.5364793041447,0.4335839562358873
769,0.3333333333333333,12,0.8549831191538455,0.4616338033444709
771,0.6111111111111112,18,1.7993793761572692,0.5448044574168688
774,1.0,1,0.6931471805599453,0.44738131053177826
775,0.2222222222222222,9,0.511685576220899,0.431400433638224
776,0.25,4,0.40235947810852507,0.42177235324319934
778,0.6657789613848203,751,4.409278511284847,0.7746518509466799
779,-0.25,52,-0.9925729783880305,0.2989240849095662
780,0.3722543352601156,1730,2.7756975338343803,0.6307863947176533
781,0.30097087378640774,103,1.3978263871202188,0.5094406739464554
782,-0.296551724137931,145,-1.4778971360928168,0.2561827807863158
783,0.21794871794871795,390,1.300872160509631,0.5009021538258098
784,-0.15584415584415584,385,-0.9281824471893243,0.30459480051877275
785,0.36993464052287583,765,2.456803338609918,0.6027021677842831
786,0.12608695652173912,460,0.7733414923778382,0.4544438262049591
787,1.0,3,1.3862943611198906,0.508425076798421
788,0.03164556962025317,948,0.2169433164117066,0.4054432082158255
789,0.0,2,0.0,0.3863375442651356
790,0.0,1,0.0,0.3863375442651356
791,0.5,2,0.5493061443340548,0.4347135844828434
792,1.0,1,0.6931471805599453,0.44738131053177826
793,-0.4,10,-0.9591581091193483,0.3018668502077242
796,0.3333333333333333,3,0.46209812037329684,0.4270333884428974
798,-0.19117647058823528,204,-1.0176342607176367,0.2967169994538698
799,0.2869822485207101,338,1.6719586106979398,0.5335828242019253
800,0.7206349206349206,630,4.646153748561446,0.7955128701128937
801,0.08264462809917356,121,0.3970265326225832,0.4213026938593242
802,0.3793911007025761,427,2.298777418464288,0.5887852139193793
803,0.49122807017543857,57,1.9946035841280654,0.5619973729407156
804,0.03862660944206009,233,0.21072055810394558,0.4048951852066777
805,0.47093023255813954,344,2.7519017312763965,0.6286907569509335
806,0.16666666666666666,60,0.6851456440288852,0.44667663490230886
807,0.14285714285714285,14,0.3868643144431728,0.42040773231480283
808,0.32558139534883723,43,1.2320617412757129,0.494842189555261
809,-0.2571428571428571,105,-1.1991700527716742,0.28072958903084183
810,-0.85,120,-4.07642196375723,0.027337094521137185
811,0.5555555555555556,9,1.2792139405522478,0.49899476769785656
813,-0.3191489361702128,47,-1.2354896843323055,0.2775310084666293
814,0.0,1,0.0,0.3863375442651356
815,-0.5,6,-0.9729550745276566,0.300651785420339
818,-0.21693121693121692,189,-1.1382433172411637,0.2860952566804016
820,0.5,4,0.8047189562170501,0.45720716222126306
821,-0.5,2,-0.5493061443340548,0.33796150404742775
823,0.25,4,0.40235947810852507,0.42177235324319934
824,0.6071428571428571,28,2.044429611063216,0.5663854285045682
826,-1.0,1,-0.6931471805599453,0.3252937779984929
827,0.0,2,0.0,0.3863375442651356
828,-0.037037037037037035,54,-0.14841974760120263,0.37326658237418064
829,-0.3969465648854962,131,-1.9382114501869563,0.21564403203738042
830,0.003389830508474576,295,0.01928935408245444,0.3880363102055707
831,0.7,20,2.131165706406396,0.5740240629526417
832,0.40602836879432624,564,2.5729310149513034,0.6129292464343691
833,-0.5256410256410257,78,-2.2967610506557423,0.18406745116124737
834,-0.5,4,-0.8047189562170501,0.31546792630900805
835,0.11650485436893204,103,0.541094085336859,0.4339903686579046
836,-0.2109704641350211,237,-1.1544874838969357,0.2846646729020325
837,0.3486238532110092,218,1.8787589516791472,0.5517952212696315
838,0.6606786427145709,501,4.108496286662599,0.7481627006883337
839,-0.4666666666666667,135,-2.292572280010158,0.18443634588289518
840,-0.26,50,-1.0222746645083247,0.2963083305126606
841,0.28,25,0.9122670306460151,0.4666786564464372
842,-0.2582781456953642,151,-1.2975585451192369,0.27206475665665525
843,-1.0,1,-0.6931471805599453,0.3252937779984929
844,0.42857142857142855,7,0.891189232148501,0.4648223866079619
846,0.6052631578947368,38,2.21741889107847,0.5816201686464171
847,-0.7142857142857143,7,-1.4853153869141684,0.2555294736937585
848,0.3525641025641026,156,1.7826507647061343,0.5433312097776537
849,-0.2974559686888454,511,-1.855626894336605,0.22291705061979872
850,0.4666666666666667,30,1.6025273620930682,0.5274681850166182
851,0.3937007874015748,127,1.910248135401424,0.55456839618108
852,0.2146341463414634,615,1.3786481287584138,0.507751691932717
853,0.6666666666666666,3,0.9241962407465937,0.46772923262065913
854,0.375,8,0.8239592165010823,0.4589016045916974
858,0.8695456590193432,2223,6.7016428757674875,0.976534738720119
859,-1.0,1,-0.6931471805599453,0.3252937779984929
860,0.5,10,1.1989476363991853,0.4919259118368998
861,0.4065934065934066,273,2.282260878421523,0.587330642887164
862,0.4838709677419355,31,1.6769689852256742,0.5340240755554001
863,0.4,10,0.9591581091193483,0.470808238322547
864,0.4166666666666667,12,1.068728898942307,0.48045786811430474
865,-1.0,1,-0.6931471805599453,0.3252937779984929
866,0.5996503496503497,572,3.8083108406174055,0.7217261072505192
867,-0.4583333333333333,24,-1.4753180863979252,0.2564099113455685
868,0.0,1,0.0,0.3863375442651356
869,0.07142857142857142,42,0.2686571511209687,0.40999751836420384
870,-0.46938775510204084,49,-1.8362556964254564,0.2246230243447986
872,0.0,1,0.0,0.3863375442651356
874,0.125,8,0.27465307216702745,0.4105255643739895
875,0.3181818181818182,44,1.2112107921996471,0.49300589778702675
876,-0.047619047619047616,21,-0.14719249777896742,0.3733746632456036
877,0.16666666666666666,24,0.5364793041447,0.4335839562358873
878,1.0,1,0.6931471805599453,0.44738131053177826
879,-0.10548523206751055,237,-0.5772437419484678,0.33550110858358406
880,-0.5061728395061729,324,-2.927615215747151,0.12850967745571396
881,-0.23376623376623376,77,-1.018451414031333,0.296645034772653
882,-0.13559322033898305,59,-0.5551653643690984,0.33744549695924325
884,0.0,2,0.0,0.3863375442651356
885,-0.2558139534883721,43,-0.9680485110023459,0.30108389439432276
886,-0.07692307692307693,104,-0.3579969500121172,0.3548096339545768
887,0.0,2,0.0,0.3863375442651356
888,-0.4166666666666667,48,-1.6215917908794277,0.24352794619047458
889,-0.5,2,-0.5493061443340548,0.33796150404742775
891,-0.3333333333333333,183,-1.7383119192029952,0.23324869175241922
892,0.6381578947368421,152,3.2102136735201725,0.6690531617391047
893,0.5362318840579711,69,2.2781786080554536,0.586971127383022
895,-1.0,2,-1.0986122886681096,0.2895854638297199
896,0.35294117647058826,51,1.394556606558151,0.5091527124197089
897,0.5714285714285714,98,2.6257827715054796,0.6175837705590554
898,0.8247422680412371,582,5.252113143381849,0.8488782226699241
899,0.7789613848202397,751,5.158855858203271,0.8406652830825423
900,0.5801749271137027,343,3.388593847863867,0.6847626646767679
901,0.4885057471264368,174,2.523027630939648,0.6085343782231746
902,0.6227810650887574,676,4.059082257242704,0.7438109287316703
903,0.8198895027624309,905,5.582659850921426,0.8779886576845394
904,0.9019047619047619,1050,6.275000009733784,0.9389613515320574
905,0.8262032085561497,374,4.8968452995317024,0.8175906580223652
906,0.7754010695187166,187,4.06034269845103,0.743921932686778
907,0.6666666666666666,105,3.1089593960747113,0.6601359467244157
908,0.8768060836501901,1315,6.297530026618789,0.940945514669821
909,0.7769784172661871,417,4.689438810882545,0.7993248790213505
910,0.8149038461538461,832,5.480255780515769,0.8689701832336358
911,0.7941176470588235,306,4.547790858378068,0.7868502924582967
912,0.8316357100059916,1669,6.171218406656795,0.9298215611690765
913,0.8590604026845637,1043,5.971169733964098,0.9122037669108064
914,0.7562893081761006,636,4.8831858558651104,0.8163877044363139
915,0.6821917808219178,365,4.02672794525189,0.740961564102805
916,0.788235294117647,425,4.772322778824092,0.8066242660897485
917,0.5454545454545454,77,2.376386632739777,0.5956200664142615
918,0.5555555555555556,189,2.9150133734224926,0.6430555978357959
919,0.7665890570430733,1718,5.710703651390694,0.8892651600594381
920,0.6167820069204152,1156,4.3505247608037125,0.7694775527424201
921,0.6622516556291391,302,3.7839290102711054,0.719578859458773
922,0.8787234042553191,470,5.408417857082512,0.8626435941193323
923,0.807347670250896,1116,5.666290341363217,0.8853537891522449
924,0.6538461538461539,1716,4.870064447509888,0.8152321342959603
925,0.25,12,0.6412373393653842,0.44280973857463707
926,0.8138957816377171,403,4.884526253030415,0.8165057499157709
927,0.6666666666666666,84,2.9617675043268776,0.6471731190765541
928,0.7927461139896373,386,4.723518020899258,0.8023261511741587
929,0.5913978494623656,93,2.686894763708067,0.6229657533077843
930,0.8561797752808988,445,5.222969709482347,0.8463116321721723
931,0.6650485436893204,206,3.5465168673658036,0.6986705563352337
932,0.6349206349206349,189,3.331443855339991,0.6797296054887473
933,0.7629796839729119,443,4.650990298198853,0.7959388131360833
934,0.4769736842105263,304,2.7284381829212987,0.6266243799941411
935,0.4788732394366197,71,2.0479809584020545,0.5666981869243725
936,0.7803030303030303,132,3.8159542439912166,0.722399242974242
937,0.4772727272727273,44,1.816816188299471,0.5463400745479723
938,0.46524064171123,187,2.436205619070618,0.600888177318121
939,0.18181818181818182,11,0.4518012090523637,0.4261265648048994
940,0.701058201058201,378,4.162558450653024,0.7529238224169607
941,0.5428571428571428,105,2.531581222517979,0.6092876719819779
942,0.7945205479452054,292,4.513013853739587,0.7837875672505128
943,0.695906432748538,171,3.582174518952052,0.701810837952321
944,0.5876288659793815,97,2.6942592400435323,0.6236143246137156
945,0.7888446215139442,251,4.361860395726143,0.7704758542115681
946,0.6024844720496895,161,3.0651977920344176,0.6562819699595805
947,0.7712765957446809,188,4.042836793530044,0.7423802307246934
948,0.5769230769230769,130,2.812613840308356,0.6340375229729895
949,0.6837209302325581,215,3.6751903531608012,0.710002513547032
950,0.8321917808219178,292,4.726992958873793,0.8026321804093022
951,0.8060453400503779,397,4.825351742294761,0.8112943963914413
952,0.4684014869888476,269,2.622309170385856,0.6172778590574339
953,0.7791495198902606,729,5.136967483392186,0.8387376277830644
954,0.8224543080939948,383,4.894131603303222,0.8173516694742818
955,0.7312348668280871,413,4.406323302894055,0.7743915930168546
956,0.425,40,1.578268128349331,0.5253317340059335
957,0.24324324324324326,37,0.8848182550685804,0.4642613103363356
958,0.3076923076923077,13,0.8120176398816181,0.45784993932859275
959,0.5517241379310345,58,2.2496758311203973,0.584460957967389
960,0.35,20,1.065582853203198,0.4801808036088887
961,0.4782608695652174,23,1.5199387884272784,0.5201948125950826
962,0.5454545454545454,11,1.355403627157091,0.5057046058844271
963,0.4444444444444444,54,1.7810369712144316,0.543189086956595
964,0.29411764705882354,51,1.1621305054651259,0.4886835177272801
965,0.7430830039525692,253,4.114698981025632,0.7487089567152493
966,0.8333333333333334,6,1.6215917908794277,0.5291471423397967
967,0.08695652173913043,23,0.2763525069867779,0.41067522941603507
968,0.44475524475524475,715,2.92367873159928,0.6438187346038531
969,0.8117313150425733,1057,5.653006958803078,0.8841839543423038
970,0.2702702702702703,37,0.9831313945206448,0.472919506566469
971,0.7121771217712177,271,3.9923239807938287,0.7379316916256101
972,0.16666666666666666,6,0.3243183581758855,0.41489946388006776
973,0.6463414634146342,82,2.8560799050392647,0.6378654723182078
974,0.625,16,1.770758340035135,0.542283873205681
975,-1.0,2,-1.0986122886681096,0.2895854638297199
976,0.4107142857142857,56,1.6605389135749045,0.5325771195816579
977,-1.0,2,-1.0986122886681096,0.2895854638297199
978,0.63,100,2.9075259256099937,0.642396196734531
980,0.0,5,0.0,0.3863375442651356
981,-0.25,4,-0.40235947810852507,0.35090273528707183
982,0.5308641975308642,81,2.339369476942752,0.5923600566072476
984,-0.18181818181818182,33,-0.6411564590211203,0.3298724728884964
985,0.5,4,0.8047189562170501,0.45720716222126306
986,0.4870689655172414,232,2.655031660572949,0.6201596482339111
987,-0.05,40,-0.1856786033352154,0.3699852866485711
988,0.2318840579710145,69,0.9851583169969529,0.4730980126404379
989,1.0,1,0.6931471805599453,0.44738131053177826
990,-0.2777777777777778,54,-1.11314810700902,0.2883053300829735
991,0.4411764705882353,170,2.2683809808099973,0.5861082744647483
992,-0.25,20,-0.7611306094308558,0.31930664473388337
993,0.1111111111111111,9,0.2558427881104495,0.4088689889516797
994,0.7577777777777778,450,4.631134139489808,0.794190130107164
996,-0.05078125,256,-0.2817890199360854,0.36152107879875534
997,0.2857142857142857,28,0.9620845228532783,0.47106596037780973
998,0.0,93,0.0,0.3863375442651356
999,0.2517482517482518,286,1.424764753617807,0.511813069585078
1000,0.1,20,0.3044522437723423,0.41314990407763647
1002,0.75,8,1.6479184330021646,0.5314656649182592
1003,-0.04132231404958678,121,-0.1985132663112916,0.3688549694680413
1004,-0.18811881188118812,101,-0.8700443906178331,0.3097148760757129
1005,-0.352112676056338,142,-1.747480503612643,0.23244123708853903
1006,0.10256410256410256,78,0.4481484976889253,0.42580487950491863
1007,0.03017241379310345,232,0.16447098782310302,0.4008220993782456
1008,0.26804123711340205,97,1.228960355107576,0.4945690581083475
1009,0.15120274914089346,291,0.8583407810989842,0.4619295043683369
1010,0.2190082644628099,242,1.2030258532935911,0.49228507036176844
1011,-0.1925925925925926,135,-0.9461409409565731,0.30301324017087766
1012,0.5415282392026578,301,3.092357487814298,0.6586738575233744
1013,0.4069767441860465,258,2.2614997925521374,0.585502265150377
1014,0.2867647058823529,136,1.4108768831418887,0.5105899990121175
1015,0.3333333333333333,234,1.819861838048053,0.5466082974255901
1016,0.17307692307692307,156,0.875119466310284,0.4634071618803718
1017,0.47101449275362317,276,2.648993752914326,0.6196279045664915
1018,0.17886178861788618,123,0.8621641824659416,0.46226622191683736
1019,0.5339130434782609,575,3.3936087857976323,0.6852043179181808
1020,0.1913265306122449,392,1.142948267577027,0.486994185246455
1021,-0.09716599190283401,247,-0.535717772906719,0.3391581984762856
1022,0.5459272097053726,577,3.4718644170395128,0.6920960987643769
1023,0.669683257918552,221,3.6180825905751006,0.7049731734457332
1024,0.19047619047619047,126,0.9227023021825888,0.4675976651281041
1025,0.4778156996587031,293,2.715703643096981,0.6255028804131707
1026,0.625,8,1.3732653608351373,0.5072776448094053
1027,0.15988372093023256,344,0.9342876248160605,0.4686179559794497
1028,0.5905044510385756,1011,4.086104113114643,0.7461906770740137
1029,0.5140845070422535,568,3.261290645712832,0.6735513849730472
1030,0.08978328173374613,323,0.5190141237089088,0.4320458407789854
1031,0.3793103448275862,319,2.187983825990741,0.5790278949076605
1032,0.5142857142857142,525,3.2221549094079647,0.6701047969948095
1033,0.3519163763066202,287,1.9928885313370401,0.5618463324623778
1034,0.4556213017751479,169,2.3399791695436103,0.5924137507340724
1035,0.5691609977324263,882,3.860804139119261,0.7263490628567497
1036,0.7557022809123649,1666,5.606389634683823,0.8800784813384128
1037,-0.22439024390243903,615,-1.4413139527928873,0.25940457170357323
1038,0.18181818181818182,11,0.4518012090523637,0.4261265648048994
1039,0.6666666666666666,3,0.9241962407465937,0.46772923262065913
1040,0.0,5,0.0,0.3863375442651356
1041,0.70042194092827,474,4.316920917593884,0.7665181449743548
1042,0.36363636363636365,528,2.2803594297666545,0.587163186983842
1043,-0.05555555555555555,108,-0.26063043790161905,0.36338446304451133
1044,0.2571428571428571,35,0.9214762984601425,0.4674896939976227
1046,0.6777777777777778,90,3.057360332194754,0.6555917441605084
1047,0.3617511520737327,434,2.197763425992911,0.5798891602109852
1049,0.2616407982261641,451,1.59958868563238,0.52720938301319
1050,0.6027397260273972,146,3.007931970113211,0.651238709961608
1051,0.37755102040816324,98,1.7348921883161206,0.5391252294950469
1053,-0.05714285714285714,35,-0.20477251076892056,0.36830373321347176
1054,0.2839506172839506,81,1.2512906504577508,0.4965356322620792
1055,-0.15789473684210525,19,-0.47301035898220906,0.34468068608952396
1056,0.46,50,1.80863979105319,0.5456199993656684
1057,0.44525547445255476,274,2.5008980799829263,0.6065854831341163
1058,0.2727272727272727,11,0.6777018135785455,0.44602107507478134
1059,0.2839248434237996,479,1.752891252882387,0.5407103628133615
1060,0.6399491094147582,786,4.26732672894905,0.7621505068381461
1061,0.446524064171123,374,2.6465150971579106,0.6194096154543179
1062,-0.5,2,-0.5493061443340548,0.33796150404742775
1063,0.11538461538461539,26,0.3802888691543457,0.41982864903124106
1064,-0.05263157894736842,209,-0.2814267121430246,0.3615529863544037
1066,0.7885714285714286,175,4.0772959503729425,0.7454149638593851
1067,0.5217391304347826,23,1.6581150419206674,0.5323636551705323
1068,0.6,35,2.1501113630736657,0.5756925603076056
1069,0.6636363636363637,110,3.125415497234549,0.6615851950529595
1070,0.0,2,0.0,0.3863375442651356
1071,0.2,5,0.358351893845611,0.41789671360554725
1073,0.5742574257425742,1313,4.123645639055289,0.7494968668690333
1076,0.6521739130434783,23,2.072643802400834,0.5688701828968814
1077,0.696236559139785,744,4.604479872473941,0.7918427544106909
1078,0.6263440860215054,372,3.708945623056476,0.712975257090639
1079,0.6726998491704375,1326,4.837166683728755,0.8123349092054271
1080,0.6825053995680346,926,4.662845198096782,0.7969828449936449
1081,0.43548387096774194,434,2.6457152070870076,0.619339171104407
1082,0.5714285714285714,154,2.881957209668141,0.640144422849464
1083,0.4024390243902439,164,2.054831715106331,0.5673015162067158
1084,0.750728862973761,686,4.904011895764592,0.8182218025146712
1085,0.5648854961832062,131,2.758223986804515,0.6292475424354026
1086,0.7678100263852242,379,4.560923046284025,0.7880068119271537
1087,0.4444444444444444,18,1.3086395462961955,0.501586208375487
1088,0.22416302765647744,687,1.4646338879792358,0.5153242461251692
1089,0.7243844320889595,1259,5.171284117514152,0.8417598092924907
1090,0.7410323709536308,1143,5.218562018926477,0.8459234577128159
1091,-0.10187667560321716,373,-0.6035434860636789,0.3331849548464448
1092,0.42609853528628494,751,2.821938247222302,0.6348587005413239
1093,0.3323529411764706,680,2.1681251193967497,0.5772789874927848
1094,0.532139951179821,1229,3.786053066909412,0.7197659198993294
1095,0.5989492119089317,571,3.8028117951871994,0.7212418198533463
1096,0.6424418604651163,344,3.7541375469881704,0.7169551986081069
1097,0.6505068312031732,2269,5.026814377726646,0.8290367148682055
1098,-0.6,5,-1.0750556815368328,0.2916600362439006
1099,0.6958762886597938,194,3.669355362918071,0.7094886403170239
1100,-0.12142857142857143,420,-0.7337482726614319,0.32171813974167796
1101,0.49504950495049505,1010,3.425096643079441,0.6879773760132818
1102,-0.5,4,-0.8047189562170501,0.31546792630900805
1103,0.6616915422885572,402,3.9694455857657154,0.7359168476821869
1104,0.7743271221532091,483,4.78695601472468,0.8079129791612184
1105,-0.6666666666666666,42,-2.507466743795708,0.16551111934049834
1107,-0.6666666666666666,3,-0.9241962407465937,0.30494585590961204
1111,0.7553191489361702,94,3.4396304181238126,0.6892573298119308
1112,0.37142857142857144,35,1.3310213199979837,0.5035573161009503
1113,0.06,50,0.23590953796345954,0.4071135166695529
1114,-0.03225806451612903,31,-0.11179793234837827,0.3764917755124513
1115,-1.0,1,-0.6931471805599453,0.3252937779984929
1116,0.4117647058823529,17,1.1901530767807735,0.49115139661586016
1117,0.75,12,1.9237120180961527,0.5557541271936399
1118,-1.0,1,-0.6931471805599453,0.3252937779984929
1119,0.23529411764705882,34,0.8365524850563326,0.46001066275968805
1120,0.4934210526315789,456,3.022047725770167,0.6524818498216074
1121,0.15384615384615385,13,0.40600881994080906,0.4220937417968642
1123,0.5151515151515151,33,1.8166099672265075,0.5463219131656133
1124,0.508641975308642,405,3.055083335501128,0.6553912146656854
1125,0.6025974025974026,385,3.588972129132054,0.702409486751072
1126,-0.3722397476340694,317,-2.144864552580634,0.19744460190970456
1127,0.5061224489795918,1715,3.7694741172487367,0.7183058526056627
1128,-0.011764705882352941,170,-0.06049015948826659,0.3810103247931459
1129,0.3574660633484163,884,2.4256173029666352,0.599955690378065
1130,0.19913419913419914,231,1.0846316844010833,0.48185838729083785
1131,0.8194444444444444,216,4.408526998040099,0.7745856670247866
1132,0.7954545454545454,220,4.293993058025484,0.7644989448106071
1133,-0.5,2,-0.5493061443340548,0.33796150404742775
1134,0.0,2,0.0,0.3863375442651356
1135,0.17444717444717445,407,1.0486485734218562,0.4786894432660087
1136,0.8111319574734209,1599,5.984336024997843,0.9133632897581955
1138,0.5714285714285714,7,1.1882523095313346,0.49098400072223725
1139,1.0,2,1.0986122886681096,0.4830896247005512
1142,-1.0,2,-1.0986122886681096,0.2895854638297199
1144,0.625,16,1.770758340035135,0.542283873205681
1145,-0.5,2,-0.5493061443340548,0.33796150404742775
1147,0.8375451263537906,277,4.713386636737284,0.8014339051056666
1148,0.9115646258503401,882,6.183439298509732,0.930897825037362
1149,0.5,4,0.8047189562170501,0.45720716222126306
1150,0.6835443037974683,158,3.4648205939226897,0.6914757665982424
1151,0.3548387096774194,31,1.2297772558321611,0.49464100054466287
1152,0.3448275862068966,29,1.1728266833317778,0.4896255037873126
1153,0.2857142857142857,14,0.7737286288863456,0.4544779203644701
1154,0.5333333333333333,15,1.4787139851945499,0.5165642456339733
1160,-0.3333333333333333,6,-0.648636716351771,0.3292137050352712
1161,0.6914893617021277,94,3.1489574250429273,0.6636584746953003
1162,0.6354166666666666,96,2.9068476009240243,0.6423364583488829
1163,0.0,19,0.0,0.3863375442651356
1164,0.4,5,0.716703787691222,0.44945588294595895
1165,-1.0,1,-0.6931471805599453,0.3252937779984929
1167,-0.0425531914893617,94,-0.19378199538725704,0.36927164085404857
1168,-0.5555555555555556,18,-1.6357994328702448,0.24227671412719626
1169,0.5555555555555556,36,2.006065507024569,0.5630067962809292
1170,-0.8823529411764706,17,-2.5503280216730864,0.16173643208501143
1171,0.5373493975903615,415,3.2405850916584624,0.6717278977865377
1172,0.8097560975609757,615,5.201263394861289,0.8444000104655562
1173,0.2474747474747475,198,1.3099592748055562,0.5017024336172831
1174,0.6,5,1.0750556815368328,0.4810150522863706
1175,0.6413043478260869,368,3.7906195869390333,0.720168082079539
1176,0.6124031007751938,129,2.9808931905890774,0.6488574711948671
1177,0.6802721088435374,147,3.399464131812323,0.6857199838309272
1178,0.8652173913043478,230,4.7088744538862475,0.801036528267044
1179,0.5830508474576271,885,3.9570010695053357,0.7348208897627068
1180,0.56,50,2.2018223543256226,0.5802466200396972
1181,-0.2,10,-0.47957905455967414,0.3441021972364299
1183,0.39737108190091003,989,2.7409484758842813,0.6277261307059346
1184,0.6153846153846154,91,2.782639124337871,0.6313977235091396
1185,0.6821192052980133,453,4.173271598663966,0.753867302995835
1186,0.4483985765124555,562,2.839833569913171,0.6364346975679944
1187,0.5306122448979592,147,2.651582022813612,0.6198558471264531
1188,0.6449704142011834,676,4.203705140517385,0.7565475101259649
1189,0.7881040892193308,269,4.412139239061916,0.7749037882013836
1190,0.38636363636363635,132,1.8894530722674958,0.5527370261502271
1191,0.06698564593301436,209,0.35817945181839506,0.4178815270606126
1192,0.6761904761904762,105,3.153373101732922,0.664047352473834
1193,0.8544927536231884,1725,6.369014608001352,0.9472409858193406
1194,0.32547169811320753,212,1.7449488652544827,0.5400108962822199
1196,0.8043478260869565,2990,6.437487677593653,0.9532712405372136
1197,0.8015530629853321,2318,6.2111475861176775,0.9333380257332978
1198,0.8826571201272871,2514,6.911230037845103,0.9949925642630569
1199,0.6582694414019715,913,4.487969521844407,0.7815819745778589
1200,0.7258241758241758,1820,5.4488644869891045,0.8662056292707945
1201,0.754257907542579,822,5.063300297347668,0.8322499400126402
1202,0.4305555555555556,72,1.847281148272224,0.5490230485945479
1203,0.823051948051948,616,5.288000966103947,0.8520387748924646
1204,0.8339350180505415,831,5.607239327905051,0.8801533117292007
1205,0.2857142857142857,231,1.5562106776189455,0.5233891886063606
1206,0.6558177379983726,1229,4.665992006007623,0.7972599766216494
1207,0.8631465517241379,928,5.898837392014961,0.9058336355746376
1208,0.7627551020408163,1176,5.393230887935772,0.8613061151236833
1209,0.6878612716763006,173,3.5487143387660636,0.6988640822331919
1210,0.6798473812001388,2883,5.4162988750861905,0.8633376559787069
1211,0.6818181818181818,242,3.74526916591401,0.7161741821131437
1212,0.86875,480,5.36528469090438,0.8588449623303505
1213,0.7893783946891973,1657,5.851952006692441,0.9017045550803083
1214,0.7504940711462451,2024,5.7137552588548575,0.8895339076184047
1215,0.5470899470899471,945,3.748793024550075,0.7164845196705479
1216,0.4367816091954023,87,1.9556183787376078,0.5585640418496338
1217,0.803921568627451,357,4.72748730279272,0.8026757160615974
1218,0.7581967213114754,244,4.171035938322847,0.7536704138918433
1219,0.7719714964370546,1263,5.513448662184587,0.8718933986302141
1220,0.6301267710663684,1341,4.538120274656395,0.785998627950492
1221,0.8132387706855791,1692,6.045826334406143,0.9187785899721435
1222,0.7464114832535885,1254,5.3255644633697505,0.8553468996480164
1223,0.8562367864693446,473,5.27545235789959,0.8509336498516621
1224,0.8333333333333334,426,5.047320011023854,0.8308425955256629
1225,0.8053545586107091,1382,5.82433248852596,0.8992721720906091
1226,0.6902654867256637,226,3.7446557642791984,0.7161201613408269
1227,0.6058091286307054,241,3.3252485809911874,0.6791840029242233
1228,0.7666174298375185,677,4.9976919386130945,0.8264719733295816
1230,0.7308845577211395,1334,5.259947081381928,0.8495681383092517
1231,0.748,750,4.952811427519572,0.8225194571743442
1232,0.4423076923076923,52,1.7560906540711307,0.5409921262019122
1233,0.8181818181818182,1001,5.653434503163936,0.8842216071219224
1234,0.8493803622497617,1049,5.908753088511008,0.906706886561227
1235,0.7489239598278336,697,4.904118180261059,0.8182311627286951
1236,0.7777777777777778,90,3.508446282846439,0.6953177736532682
1237,0.745819397993311,299,4.253991611532886,0.7609761158667613
1238,0.6410256410256411,351,3.7587379330757034,0.717360343288688
1240,0.7645376549094376,2098,5.848113907050665,0.901366543090919
1241,0.2714285714285714,70,1.1570131094826426,0.4882328412576792
1242,0.8012589928057554,1112,5.620683081822402,0.8813372700498767
1243,0.6123076923076923,325,3.5433617812060767,0.6983926956622235
1244,0.7256267409470752,718,4.773072099404827,0.8066902569091184
1245,0.6815642458100558,358,4.00986218656743,0.739476238244288
1246,0.6842105263157895,855,4.619974467886455,0.7932073252944586
1247,0.7969865186360032,1261,5.6908448123050475,0.8875162409763485
1248,0.7607003891050583,514,4.74994019097183,0.8046530866640565
1249,0.7012278308321964,733,4.62705817286202,0.7938311697577383
1250,0.8688699360341151,938,5.947254387585004,0.9100976012139743
1251,0.7149122807017544,228,3.884634590260268,0.7284477520389016
1252,0.8236286919831224,1185,5.8299252165808335,0.8997647098859716
1253,0.740608228980322,559,4.686522054497114,0.7990680074650021
1254,0.8300220750551877,453,5.078155731707609,0.833558221555566
1255,0.2962962962962963,54,1.187357980809621,0.4909052393927751
1256,0.7676767676767676,594,4.904350169913816,0.8182515934864568
1257,0.6440677966101694,472,3.9668749959778546,0.7356904621661255
1258,0.7120515179392825,1087,4.9787328747193165,0.824802295233176
1259,0.7635854341736694,1785,5.71752443520329,0.8898658497029783
1260,0.8214285714285714,308,4.709530334594577,0.801094290066819
1261,0.5675182481751825,548,3.5799609768420875,0.7016158967465111
1262,0.882183908045977,696,5.775468738803106,0.8949688619125543
1263,0.72,700,4.717805678664905,0.8018230792523957
1264,0.7003891050583657,257,3.8892323941085256,0.728852669308025
1265,0.6602282704126426,2278,5.104549610178011,0.83588266547369
1266,0.7291875626880642,997,5.0355894000786705,0.8298095094902782
1267,0.8352941176470589,765,5.5473404006068465,0.8748781606210908
1268,0.3753943217665615,317,2.1630413708228424,0.5768312742676466
1269,0.7738095238095238,672,5.038850552701278,0.8300967111756309
1270,0.691831204026326,2583,5.435782708703351,0.8650535492531243
1271,0.5699831365935919,593,3.6404135074950656,0.7069398023395864
1272,0.813953488372093,645,5.266929828660257,0.8501830916766059
1273,0.6643835616438356,146,3.3155613761475164,0.678330874635111
1274,0.6128318584070797,452,3.7480135370769925,0.7164158721272136
1275,0.5924426450742241,741,3.9156603478414036,0.7311801141506516
1276,0.8182795698924731,930,5.593971301083707,0.878984829261383
1277,0.6115702479338843,363,3.606523852934866,0.7039552238693128
1278,0.7870913663034367,1193,5.576592935474805,0.8774543593726227
1279,0.5360824742268041,194,2.826762649951699,0.6352835738162199
1280,0.7942238267148014,277,4.46959077621639,0.7799634036828805
1281,0.6574074074074074,216,3.536784371309006,0.6978134393604488
1282,0.5779427359490986,943,3.9589806580586404,0.7349952272545717
1283,0.7667493796526055,403,4.601581134714629,0.7915874697103987
1284,0.844731977818854,541,5.317812500291901,0.8546642033383387
1285,0.564134495641345,803,3.773833709760986,0.718689791188693
1286,0.43157894736842106,285,2.4410069920380417,0.6013110224185594
1287,0.7258522727272727,704,4.760282780166292,0.805563933039957
1288,0.7397137745974955,1118,5.1929317672396795,0.8436662645261392
1289,0.6098901098901099,182,3.1772140822274606,0.6661469689502374
1290,0.48695652173913045,230,2.650220798167134,0.6197359674219886
1291,0.7628992628992629,1628,5.642190563810651,0.8832313810558743
1292,0.6717428087986463,591,4.288074676901777,0.7639777275509473
1293,0.7615499254843517,671,4.957886754109284,0.8229664286960618
1294,0.7397634212920837,1099,5.180611663324289,0.8425812632956872
1295,0.42105263157894735,266,2.352525750905368,0.5935186972758355
1296,0.6517857142857143,560,4.1256216616353285,0.7496708903144091
1297,0.5203619909502263,442,3.1708620975347994,0.6655875652914144
1298,0.4470284237726098,387,2.6647388210719027,0.6210145339684708
1299,0.8142076502732241,732,5.37144650044323,0.859387617731423
1300,0.7575757575757576,330,4.395544223770502,0.7734423060471575
1301,0.6541554959785523,373,3.875384489461517,0.7276331184272555
1302,0.6354166666666666,768,4.2224015535400445,0.7581940572065688
1303,0.7548387096774194,310,4.332617875644971,0.7679005374376607
1304,0.8012684989429175,1419,5.815937008616535,0.8985328028373529
1305,0.5537190082644629,121,2.6600777685713077,0.6206040465461992
1306,0.40441176470588236,136,1.989698168533433,0.5615653650621615
1307,0.7206632653061225,1568,5.302779936599698,0.8533403224510587
1310,0.3953488372093023,43,1.4960749715490798,0.5180931849745736
1311,-1.0,7,-2.0794415416798357,0.20320624546520763
1312,0.2413793103448276,29,0.8209786783322445,0.45863911593065954
1313,-0.46153846153846156,13,-1.2180264598224273,0.27906895166994977
1315,-0.6666666666666666,3,-0.9241962407465937,0.30494585590961204
1316,1.0,1,0.6931471805599453,0.44738131053177826
1317,0.125,40,0.4641965083380385,0.42721818830654673
1320,0.046486486486486484,925,0.3175433427997683,0.4143028049500863
1321,0.5610200364298725,549,3.5399905823201587,0.6980958024732992
1322,-0.71875,32,-2.5131148098040326,0.1650137080677695
1323,-0.8837209302325582,43,-3.3441675834626494,0.09182493562050946
1324,-0.7727272727272727,22,-2.42288189412707,0.17296029887651015
1325,-0.8260869565217391,23,-2.62534881637439,0.1551295353315908
1326,-0.6071428571428571,56,-2.4547096983281196,0.17015730249288524
1327,-0.008450704225352112,355,-0.04964730195086223,0.38196522857078397
1328,-0.56,25,-1.8245340612920302,0.2256553199025324
1329,-0.16666666666666666,36,-0.6018196521073707,0.3333367686603975
1330,0.0603448275862069,116,0.2873725650308991,0.4116457388061861
1331,0.16,50,0.6290921012358921,0.4417401373435818
1332,-0.00980392156862745,102,-0.04543851949244741,0.38233588568353605
1333,0.626193724420191,733,4.13194494424838,0.7502277662517205
1334,0.1242603550295858,338,0.7239408417454997,0.45009323248518884
1335,-0.7619047619047619,21,-2.355079964463479,0.17893144795262425
1336,-0.5272727272727272,55,-2.122458164205806,0.19941787738884262
1337,0.453125,64,1.8915192316714604,0.5529189877238475
1339,0.2663690476190476,672,1.7345274017952474,0.5390931036439407
1340,0.6157407407407407,216,3.312621981578153,0.6780720093896191
1341,-0.09433962264150944,53,-0.376319249675875,0.35319603411674977
1342,-0.04198473282442748,262,-0.23394539829753974,0.3657345488070929
1343,0.5502183406113537,687,3.595010452312669,0.7029412670124908
1344,0.6980609418282548,361,4.112726707424083,0.7485352634331824
1345,0.4497354497354497,567,2.8522768285253854,0.6375305447294959
1346,0.10344827586206896,174,0.5342882041989843,0.4333909914562497
1347,0.3458980044345898,451,2.1147104657512816,0.5725748904066311
1348,0.6386554621848739,238,3.4975733608974355,0.6943602221768931
1349,0.14285714285714285,14,0.3868643144431728,0.42040773231480283
1350,0.4621026894865526,409,2.7800824038703884,0.6311725594299896
1351,0.2571428571428571,35,0.9214762984601425,0.4674896939976227
1352,-0.11702127659574468,94,-0.5329004873149569,0.3394063098846462
1353,0.11702127659574468,188,0.6133959272942135,0.44035781393486156
1354,0.5168539325842697,267,2.8897236079044877,0.640828390428024
1355,0.012987012987012988,77,0.056580634112851844,0.3913204614591624
1356,0.5297709923664122,1310,3.8029851646809223,0.7212570880779736
1357,0.5967153284671532,548,3.764139033528497,0.7178360049127556
1358,0.7918436703483432,1177,5.599580607854841,0.879478827103484
1359,-0.33783783783783783,222,-1.826747220087878,0.22546041245425344
1360,0.0,2,0.0,0.3863375442651356
1361,0.7672955974842768,159,3.8941585248963957,0.7292865015226647
1362,0.68,100,3.138281951452057,0.6627183120098799
1363,0.0,112,0.0,0.3863375442651356
1364,0.5,2,0.5493061443340548,0.4347135844828434
1365,0.5862068965517241,58,2.3902805705654218,0.5968436713237798
1366,0.14814814814814814,108,0.6950145010709842,0.44754576085346703
1367,0.06868131868131869,364,0.40521273032846783,0.42202363214398525
1369,0.6,5,1.0750556815368328,0.4810150522863706
1370,0.4237885462555066,1135,2.98146625220635,0.6489079393211213
1371,0.10858585858585859,792,0.7248999962886324,0.4501777028651986
1372,0.32367632367632365,1001,2.236523539713205,0.5833026680326556
1373,-0.14192495921696574,613,-0.91115751835041,0.306094144101054
1374,0.6153314917127072,1448,4.478769604701469,0.7807717605172718
1375,0.2826321467098166,927,1.931234427173662,0.5564166072474701
1376,0.48756660746003555,1126,3.4262838971650424,0.6880819345586141
1377,0.011639185257032008,1031,0.0807672622235675,0.39345051827043875
1378,0.3291814946619217,562,2.084798454102923,0.5699406131581074
1379,-0.032520325203252036,369,-0.1923090408337649,0.36940136033644205
1380,0.3929008567931457,817,2.635131958444898,0.6184071304432462
1381,-0.636963696369637,303,-3.6415390969353165,0.06563615829890371
1382,-0.15748031496062992,127,-0.7640992541605696,0.31904520349875787
1383,-0.8181818181818182,11,-2.033105440735637,0.20728695183619839
1384,0.6666666666666666,6,1.297273432703542,0.5005852227248644
1385,0.2299349240780911,461,1.410780647407081,0.5105815237678016
1386,-1.0,1,-0.6931471805599453,0.3252937779984929
1387,0.6876841484973483,1697,5.114448927600942,0.8367544739956211
1388,-0.3,370,-1.7748606187822304,0.2300299377315744
1389,-0.7142857142857143,210,-3.822755809625762,0.049676848410131536
1390,0.17355371900826447,121,0.8337557185074248,0.4597643584129317
1391,-0.0260707635009311,1074,-0.18197590906492492,0.3703113738201439
1392,0.6255707762557078,219,3.374095771005815,0.6834858547295302
1393,0.573540280857354,1353,4.135694841015848,0.7505580104310482
1394,0.6645746164574616,1434,4.8307398062542655,0.8117689099236293
1395,0.2542372881355932,295,1.446701556184083,0.5137449897977686
1396,0.5572868927589367,1091,3.8986487837152604,0.7296819475657319
1397,0.4444444444444444,63,1.8483924814931871,0.5491209209761826
1398,0.12698412698412698,63,0.528112137569482,0.4328470804682919
1399,0.15384615384615385,104,0.7159939000242344,0.4493933648862531
1401,0.3950617283950617,162,2.0123457583434123,0.5635598825580653
1404,0.15789473684210525,76,0.6858640139768974,0.44673989997562846
1405,0.09473684210526316,475,0.5840922177692924,0.4377771083572383
1406,0.4583333333333333,24,1.4753180863979252,0.5162651771847027
1407,0.43115124153498874,886,2.9265877914698186,0.6440749283470772
1408,0.5702564102564103,975,3.925338664662235,0.732032459693467
1409,0.07397959183673469,392,0.44193999679645046,0.42525811211124576
1410,-0.08888888888888889,90,-0.40096528946816445,0.351025518049349
1411,0.662303664921466,382,3.939405372415454,0.7332712800252975
1412,0.7,20,2.131165706406396,0.5740240629526417
1413,0.26,50,1.0222746645083247,0.47636675801761064
1414,0.48214285714285715,168,2.473344023266482,0.6041588651732127
1415,0.4722222222222222,36,1.7051556809708837,0.5365064084785601
1416,0.1879432624113475,282,1.0610237077130908,0.47977929088622434
1417,-0.09302325581395349,43,-0.3520176403644894,0.35533621703938545
1419,0.6691176470588235,136,3.292046060664407,0.6762599386747602
1420,0.42857142857142855,7,0.891189232148501,0.4648223866079619
1421,0.045454545454545456,22,0.1425224643604159,0.3988891469350547
1422,0.05338078291814947,281,0.30116941659811997,0.412860793567867
1423,0.7142857142857143,14,1.9343215722158644,0.5566884845134719
1425,0.23214285714285715,168,1.1908693445357135,0.4912144765542097
1426,-0.30434782608695654,23,-0.9672337744537227,0.3011556462369875
1427,-0.47058823529411764,51,-1.8594088087442011,0.22258398672570445
1428,0.17307692307692307,52,0.6871659081147903,0.4468545545882221
1429,0.29292929292929293,297,1.6688455667541084,0.5333086660833977
1430,-1.0,1,-0.6931471805599453,0.3252937779984929
1431,-0.30603448275862066,232,-1.6682057336343306,0.23942277097501996
1432,-0.14,100,-0.6461168723577764,0.32943562149415884
1433,-0.6,5,-1.0750556815368328,0.2916600362439006
1434,1.0,2,1.0986122886681096,0.4830896247005512
1436,0.1111111111111111,9,0.2558427881104495,0.4088689889516797
1437,0.09523809523809523,21,0.29438499555793485,0.4122633063041995
1438,-0.09968847352024922,321,-0.575656228839318,0.3356409169560308
1439,-0.41304347826086957,46,-1.5902783572280677,0.2462856432257211
1440,-0.1728395061728395,81,-0.7616551785395005,0.3192604472235177
1441,0.37422037422037424,481,2.311912558272574,0.5899419933550093
1442,0.14084507042253522,71,0.6023473407064867,0.43938479210608766
1444,0.375,8,0.8239592165010823,0.4589016045916974
1445,-0.48717948717948717,156,-2.4632992385030215,0.16940084282965603
1446,0.7671957671957672,189,4.0254946585358224,0.7408529515769996
1447,0.32653061224489793,49,1.2773952670785782,0.49883460160102217
1449,0.7619047619047619,462,4.676363469779988,0.7981733659105618
1450,0.5,14,1.354025100551105,0.5055832024389709
1453,-0.3310810810810811,148,-1.6567119526441048,0.24043499997914075
1454,0.18292682926829268,82,0.8083245014262069,0.4575246937141183
1455,-0.18181818181818182,22,-0.5700898574416636,0.336131133585459
1456,-0.359375,64,-1.5001704251187444,0.2542212270392606
1457,0.10526315789473684,266,0.588131437726342,0.4381328325178106
1458,-0.041666666666666664,24,-0.134119826036175,0.3745259412724477
1459,0.32894736842105265,380,1.9548682155022046,0.5584979768197411
1460,-0.19148936170212766,94,-0.8720189792426567,0.30954097891524385
1461,-0.28703703703703703,216,-1.5442297959236504,0.2503410266883087
1463,0.08823529411764706,34,0.31370718189612473,0.41396496370059277
1464,0.27586206896551724,145,1.3747880335747134,0.5074117428500843
1465,0.4126984126984127,126,1.999188321395609,0.5624011394682341
1466,0.631432545201669,719,4.154353338320704,0.7522012183677008
1468,-0.22916666666666666,144,-1.1405014826380482,0.2858963856115364
1470,1.0,1,0.6931471805599453,0.44738131053177826
1471,0.2,5,0.358351893845611,0.41789671360554725
1472,0.20833333333333334,48,0.8107958954397139,0.4577423433024661
1473,-0.075,40,-0.2785179050028231,0.36180915784028894
1474,-0.3835616438356164,146,-1.9141385264356794,0.2177640751855622
1475,0.13580246913580246,81,0.5984433545667505,0.4390409776549782
1476,0.40080160320641284,499,2.490824889147171,0.6056983620086428
1477,0.2962962962962963,27,0.987319854866727,0.4732883739608033
1479,0.1669626998223801,563,1.0577177613513633,0.4794881443265106
1480,0.22264150943396227,265,1.2431180461061142,0.49581589111067176
1482,0.3492063492063492,63,1.4523083783160757,0.5142387688238155
1483,-0.1702127659574468,141,-0.8435450310810657,0.31204860945174917
1484,0.5403225806451613,124,2.6088469387036626,0.6160922734454845
1485,0.3993993993993994,666,2.5972104387590926,0.6150674755343044
1486,0.0,7,0.0,0.3863375442651356
1487,0.09259259259259259,162,0.47164353711173723,0.427874029802541
1488,-0.0798611111111111,288,-0.45252713134231226,0.34648459353588507
1489,-0.21621621621621623,37,-0.7865051156165158,0.31707197442406887
1490,-0.7307692307692307,26,-2.4084961713108557,0.17422721407980118
1493,0.29411764705882354,17,0.8501093405576955,0.4612045816585103
1494,-0.3684210526315789,19,-1.1036908376251544,0.2891382085220418
1495,-0.9318181818181818,44,-3.547117320013252,0.07395165180816873
1496,0.08,25,0.26064772304171857,0.4092921477455075
1497,-0.5208333333333334,48,-2.0269897385992848,0.20782554667180933
1498,0.09923664122137404,131,0.48455286254673907,0.4290109223220744
1499,-0.506265664160401,399,-3.0332727782351183,0.11920467596438801
1500,0.6100352112676056,1136,4.292298332895354,0.7643496945393354
1501,-0.2777777777777778,18,-0.8178997164351224,0.31430712919616594
1502,0.15384615384615385,13,0.40600881994080906,0.4220937417968642
1503,-0.4206896551724138,145,-2.096551751201438,0.20169939142308885
1504,0.375,16,1.0624550040210812,0.4799053416294629
1507,0.3333333333333333,42,1.253733371897854,0.4967507567274542
1508,0.25,36,0.9027294781610561,0.4658387076722427
1509,0.5714285714285714,21,1.766309973347609,0.5418921164995191
1510,-0.5,2,-0.5493061443340548,0.33796150404742775
1511,0.4583333333333333,24,1.4753180863979252,0.5162651771847027
1513,0.05695364238410596,755,0.3774910982459867,0.41958225623301953
1514,-0.2857142857142857,7,-0.5941261547656673,0.33401431603658477
1515,-0.3149171270718232,181,-1.6388308351567806,0.24200974598849595
1516,0.5192307692307693,52,2.0614977243443713,0.5678885752343951
1517,0.5045643153526971,1205,3.5799162999091916,0.7016119621589868
1518,0.3559322033898305,354,2.090075823372606,0.5704053780813969
1519,0.16666666666666666,6,0.3243183581758855,0.41489946388006776
1520,-0.3333333333333333,15,-0.9241962407465937,0.30494585590961204
1522,-0.42857142857142855,7,-0.891189232148501,0.3078527019223093
1523,-0.2631578947368421,57,-1.0685376343543207,0.29223406461750345
1525,-0.5909090909090909,44,-2.2493914712279164,0.1882391734387663
1526,-0.38636363636363635,88,-1.7342458701237813,0.23360677868775048
1527,0.46114742193173563,1377,3.333352699164298,0.6798977126664413
1528,-0.5,2,-0.5493061443340548,0.33796150404742775
1529,0.1935483870967742,31,0.6707875940902697,0.44541215678124135
1531,0.45454545454545453,11,1.1295030226309093,0.48581009561454513
1532,-0.16666666666666666,6,-0.3243183581758855,0.3577756246502034
1533,0.75,24,2.4141568686511503,0.5989463981335181
1534,0.3333333333333333,6,0.648636716351771,0.4434613834949999
1535,0.4077669902912621,103,1.8938292986790062,0.553122429639827
1537,0.8,350,4.688628978772693,0.799253559100538
1538,-0.6666666666666666,6,-1.297273432703542,0.2720898658054068
1539,-0.18181818181818182,11,-0.4518012090523637,0.34654852372537176
1541,0.09166666666666666,240,0.5027730522366434,0.43061552958581006
1542,0.46638655462184875,238,2.5541489674974693,0.611275157740169
1543,0.2857142857142857,7,0.5941261547656673,0.4386607724936864
1544,0.04462151394422311,1255,0.31840517245703276,0.4143787041669268
1545,0.6575342465753424,73,2.8300701982712346,0.6355748614564153
1546,0.46938775510204084,49,1.8362556964254564,0.5480520641854726
1547,0.2702702702702703,37,0.9831313945206448,0.472919506566469
1548,-0.5,2,-0.5493061443340548,0.33796150404742775
1549,-0.21052631578947367,19,-0.6306804786429454,0.3307950666976534
1550,-0.18309859154929578,71,-0.7830515429184327,0.3173761220718979
1551,-0.08333333333333333,36,-0.3009098260536853,0.3598371564627666
1552,0.22536687631027252,954,1.546402450946915,0.5225254022226751
1553,-0.5,4,-0.8047189562170501,0.31546792630900805
1554,0.34782608695652173,138,1.7163387593498056,0.5374912746683829
1555,0.0,2,0.0,0.3863375442651356
1556,-0.7111716621253406,367,-4.2016611631119645,0.016307586463907644
1558,-1.0,2,-1.0986122886681096,0.2895854638297199
1561,0.25,4,0.40235947810852507,0.42177235324319934
1562,-0.45544554455445546,606,-2.9187358850369995,0.12929165825817043
1563,0.425,40,1.578268128349331,0.5253317340059335
1564,0.5833333333333334,36,2.1063687823757977,0.571840258881719
1565,0.0,17,0.0,0.3863375442651356
1566,0.2281449893390192,469,1.4037151350391026,0.5099592814826979
1567,0.3333333333333333,9,0.7675283643313486,0.45393187832476817
1569,0.35,820,2.3486830883083494,0.5931802834382081
1570,0.21739130434782608,23,0.6908812674669447,0.44718175714238423
1571,0.7111111111111111,45,2.722589437503357,0.6261092953797055
1572,0.4230769230769231,26,1.3943925202326009,0.5091382617408555
1573,0.31456720619282197,1421,2.283701172295809,0.5874574860239219
1574,-0.13333333333333333,15,-0.36967849629863747,0.3537808689229262
1575,0.2857142857142857,14,0.7737286288863456,0.4544779203644701
1579,0.0,1,0.0,0.3863375442651356
1580,0.5527974783293932,2538,4.333669972865115,0.7679931930504909
1581,-0.03389830508474576,59,-0.1387913410922746,0.3741145324386625
1582,0.18333333333333332,60,0.7536602084317737,0.45271054396602617
1583,-0.14814814814814814,27,-0.4936599274333635,0.34286212941730176
1584,0.5340086830680174,1382,3.8619563131465937,0.7264505319876868
1585,0.10714285714285714,28,0.36078169606997934,0.41811070030738845
1586,0.08797127468581688,557,0.556361919491354,0.43533496923576737
1587,0.3111888111888112,572,1.976324576180461,0.5603875856977837
1588,0.08996539792387544,289,0.5100930934169325,0.4312601875969857
1589,0.3130081300813008,492,1.9408097821190533,0.5572598851913181
1590,-0.3032128514056225,498,-1.8837420089527697,0.2204410216705031
1591,-0.25263157894736843,475,-1.55757924738478,0.24916537335286157
1592,-0.25,112,-1.1818469546780852,0.282255191645549
1593,-0.10493827160493827,162,-0.5345293420599688,0.33926286065607614
1594,0.5537459283387622,307,3.1730194237964424,0.665777555705817
1595,-0.7230769230769231,65,-3.0294426596191073,0.11954198508448054
1596,0.46875,32,1.6389879194374126,0.5306791765677656
1597,0.3316892725030826,811,2.2221523939623813,0.5820370365956375
1598,-0.1891891891891892,111,-0.8926889756504233,0.3077206232031586
1599,-0.7164179104477612,67,-3.0229308932604946,0.12011546032138049
1600,-0.07142857142857142,84,-0.31733223260645116,0.35839087553534077
1601,-0.18666666666666668,75,-0.8084035568534484,0.3151434325992414
1602,-0.5581395348837209,43,-2.1121058421869363,0.20032958091063488
1603,-0.028735632183908046,348,-0.1682491931667364,0.3715202519060661
1604,-0.15384615384615385,65,-0.6445622680040655,0.3295725316735068
1605,-0.19318181818181818,88,-0.8671229350618906,0.309972161476443
1606,-0.3853211009174312,109,-1.8111942693879037,0.22683012254456772
1608,0.47304832713754646,1076,3.302792519212455,0.677206352830656
1609,-0.14545454545454545,55,-0.5855057004705672,0.3347734982302961
1610,0.7457627118644068,1652,5.526360547527544,0.8730305165945408
1611,0.2627118644067797,236,1.4365242743660092,0.5128487016356638
1612,0.2727272727272727,55,1.0978231883823135,0.4830201305804595
1613,-0.06666666666666667,30,-0.22893248029900976,0.36617602415778094
1614,0.22897196261682243,428,1.3879036870442656,0.5085668061718204
1615,0.46255506607929514,227,2.5113713261683537,0.6075078361496472
1616,0.11139240506329114,395,0.6662841146713852,0.4450155464324682
1617,0.7858391608391608,2288,6.079149840592096,0.9217133091484621
1619,0.3397790055248619,362,2.0027943331894384,0.562718712052053
1620,0.2708860759493671,395,1.620281824314505,0.5290317768084217
1621,0.25882352941176473,85,1.1528898884420844,0.48786971932841994
1622,-0.6,5,-1.0750556815368328,0.2916600362439006
1623,-0.4921875,128,-2.3919389177717605,0.17568537064943707
1624,-0.12,50,-0.4718190759269191,0.344785599456301
1625,0.6507936507936508,882,4.414544971821624,0.7751156551647101
1626,-0.2345679012345679,81,-1.0336748851607507,0.2953043411372257
1627,0.096,250,0.5304434821566513,0.43305239624834196
1629,0.01834862385321101,109,0.08624734616132874,0.3939331357756389
1630,-1.0,1,-0.6931471805599453,0.3252937779984929
1631,0.5306122448979592,49,2.07576730900269,0.5691452624359513
1632,-0.35,20,-1.065582853203198,0.29249428492138246
1633,0.5112781954887218,266,2.856638411813661,0.6379146586352712
1635,0.5601577909270217,507,3.4900527240873545,0.6936978982022936
1636,-0.4,5,-0.716703787691222,0.3232192055843123
1639,0.5714285714285714,966,3.9281134259733106,0.7322768260930853
1640,-0.3333333333333333,84,-1.4808837521634388,0.2559197568594263
1641,0.6155129274395329,1199,4.364033948959762,0.7706672736954562
1642,0.06756756756756757,74,0.2917221698335345,0.41202879779621165
1643,0.6679245283018868,265,3.7293541383183424,0.7147725848017439
1644,-0.23157894736842105,475,-1.4277809767693816,0.26059638759555104
1645,0.32566585956416466,826,2.1877596403890713,0.5790081514334713
1646,-0.13636363636363635,88,-0.6120867776907463,0.3324325681789997
1647,-0.08888888888888889,90,-0.40096528946816445,0.351025518049349
1648,0.3917525773195876,194,2.065711167272396,0.5682596427832357
1649,0.5502645502645502,189,2.8872513412946588,0.6406106639922657
1650,0.32,50,1.2581842024717842,0.4971427304220279
1651,-0.058823529411764705,17,-0.17002186811153908,0.37136413678646063
1652,0.0,4,0.0,0.3863375442651356
1653,0.5013927576601671,1077,3.501156811321475,0.6946758078364011
1654,0.27586206896551724,87,1.2351273970974364,0.49511217431850285
1655,-0.33766233766233766,77,-1.4710964869341479,0.2567816972204386
1656,0.14285714285714285,14,0.3868643144431728,0.42040773231480283
1657,0.4,20,1.2178089750893693,0.49358698351513913
1658,0.16379310344827586,116,0.7800112479410117,0.45503121516227274
1659,0.0,7,0.0,0.3863375442651356
1660,0.441340782122905,179,2.291863638102383,0.588176334298618
1661,0.18181818181818182,88,0.8161157035876617,0.45821084571331683
1662,-0.1,20,-0.3044522437723423,0.3595251844526347
1663,0.6108108108108108,740,4.036238219775448,0.7417991105740733
1664,0.8,5,1.433407575382444,0.5125742216267822
1665,-0.19,200,-1.0076279325312243,0.2975982321503734
1666,-0.15,20,-0.45667836565851344,0.3461190045463843
1667,-0.1415929203539823,113,-0.6706121696841764,0.32727838094473216
1668,-0.28205128205128205,39,-1.0404531793654692,0.2947073934488788
1669,0.32432432432432434,37,1.179757673424774,0.49023589902673564
1670,0.3902439024390244,82,1.724425603042575,0.5382034630896321
1671,0.13636363636363635,22,0.42756739308124764,0.423992352274893
1672,0.4797507788161994,321,2.770345601289218,0.6303150631902023
1673,0.5372340425531915,1128,3.7762651275484886,0.7189039201692033
1674,0.731357552581262,1046,5.085629465885241,0.8342164149307592
1675,0.0,11,0.0,0.3863375442651356
1676,0.12209802235597593,1163,0.861965351003763,0.4622487113193133
1677,-0.08108108108108109,37,-0.2949394183561935,0.3603629555747356
1678,0.5780590717299579,474,3.562760034399772,0.7001010520793707
1679,-0.625,24,-2.0117973905426254,0.20916349937481682
1680,0.603448275862069,464,3.706401882682025,0.7127512361363367
1681,-0.5149253731343284,134,-2.5258504456138184,0.1638921119660561
1682,0.6228855721393035,1005,4.30646724528653,0.7655975157820919
1683,0.5779816513761468,218,3.114784577783849,0.6606489561410104
1684,0.5172413793103449,58,2.1090710916753723,0.5720782446109982
1685,0.5,6,0.9729550745276566,0.4720233031099322
1686,0.13761467889908258,109,0.6468550962099656,0.44330448059390987
1687,0.07418397626112759,337,0.4319766984779687,0.42438066894930876
1688,0.3980263157894737,304,2.276834621610187,0.5868527658045126
1689,0.10317460317460317,252,0.5709052647099823,0.4366157658561098
1690,0.0025673940949935813,779,0.01709703188622243,0.3878432377853383
1692,-0.25,20,-0.7611306094308558,0.31930664473388337
1693,0.5356125356125356,351,3.14063436185881,0.6629254830048149
1694,0.5031847133757962,471,3.098097706122668,0.6591793844223695
1695,0.5625,32,1.966785503324895,0.5595475030282917
1696,0.39285714285714285,28,1.3228662189232576,0.5028391164200626
1699,0.3548387096774194,155,1.7918843896691907,0.5441443924029994
1701,0.30633802816901406,284,1.7315723897301851,0.5388328630040392
1702,-0.2847682119205298,302,-1.6270894744165754,0.24304377873187152
1703,-0.03225806451612903,62,-0.13364950730295266,0.37456736108576705
1704,0.7777777777777778,1548,5.713061542546454,0.8894728137304495
1707,-0.6233766233766234,154,-3.143953319637972,0.10945731308223178
1709,-1.0,1,-0.6931471805599453,0.3252937779984929
1711,0.2054140127388535,628,1.3237148600547084,0.5029138541558933
1713,0.06060606060606061,231,0.33010529525250365,0.41540910518600155
1714,-1.0,1,-0.6931471805599453,0.3252937779984929
1715,0.07692307692307693,13,0.20300440997040453,0.4042156430309999
1717,0.02857142857142857,455,0.17492836598612532,0.4017430549360966
1718,-0.2857142857142857,7,-0.5941261547656673,0.33401431603658477
1719,0.6850393700787402,381,4.072847188573008,0.7450231723566458
1720,-1.0,7,-2.0794415416798357,0.20320624546520763
1721,0.3965071151358344,1546,2.91197713932813,0.6427882041716719
1722,0.37587006960556846,862,2.5410375405000356,0.6101204666334304
1724,0.0,1,0.0,0.3863375442651356
1725,0.4782608695652174,23,1.5199387884272784,0.5201948125950826
1726,-0.058394160583941604,137,-0.2877228429288879,0.3609985016116886
1727,0.21428571428571427,210,1.1468267428877286,0.48733575302163684
1728,0.18181818181818182,22,0.5700898574416636,0.4365439549448122
1729,0.5359116022099447,724,3.529605803982892,0.6971812406034248
1730,0.5795454545454546,176,2.999814049559833,0.6505237846777293
1731,-0.640625,64,-2.6742168447768924,0.15082584834074972
1732,0.4949863263445761,1097,3.4655208503042165,0.6915374364543414
1733,0.0975609756097561,82,0.43110640076064377,0.4243040239712597
1734,0.5771144278606966,201,3.0634778751171137,0.6561305011096126
1735,0.16730038022813687,263,0.9328584050891174,0.4684920881155933
1739,-0.8723404255319149,47,-3.3770051371749688,0.08893301308255176
1741,0.6,5,1.0750556815368328,0.4810150522863706
1743,0.5454545454545454,11,1.355403627157091,0.5057046058844271
1744,-0.19480519480519481,77,-0.8487095116927776,0.3115937863547335
1746,-0.12727272727272726,55,-0.5123174879117462,0.3412190039846511
1747,0.3627342888643881,907,2.470671885953501,0.6039235366165355
1748,0.5503432494279176,874,3.7281483859702655,0.714666397159962
1749,0.4,10,0.9591581091193483,0.470808238322547
1750,-0.42857142857142855,63,-1.782378464297002,0.22936785957948305
1752,-0.2524271844660194,206,-1.3461231905330058,0.267787787858967
1753,0.11616161616161616,198,0.6148788432760773,0.4404884106957354
1754,0.28350515463917525,388,1.6907054840155387,0.5352338151965151
1755,0.4,30,1.3735948817940586,0.5073066649092636
1756,-0.23529411764705882,51,-0.9297044043721006,0.30446076549542006
1758,0.48,100,2.2152578480838048,0.5814298509084845
1759,0.7843137254901961,51,3.099014681240335,0.6592601401641875
1760,-0.6684210526315789,190,-3.5107301334837997,0.07715618177222378
1762,-0.14096916299559473,227,-0.7653703089274984,0.31893326483366535
1764,0.0,1,0.0,0.3863375442651356
1767,0.0,26,0.0,0.3863375442651356
1769,0.10658307210031348,319,0.6148053725924396,0.4404819403134483
1770,0.42105263157894735,19,1.2613609572858908,0.49742249940009997
1771,-0.19148936170212766,47,-0.7412938105993834,0.32105362278603183
1772,-0.36086956521739133,230,-1.96400291292743,0.21337264138996775
1773,0.0,2,0.0,0.3863375442651356
1777,0.39713971397139713,909,2.7058894394097175,0.6246385676484638
1779,-0.22735674676524953,541,-1.4312711981091986,0.26028901239204155
1780,0.5,8,1.0986122886681098,0.48308962470055133
1782,-0.5,8,-1.0986122886681098,0.28958546382971984
1783,-0.013636363636363636,220,-0.07361130956615117,0.3798547773986418
1784,0.6587078651685393,1424,4.783488492243807,0.8076076029903513
1785,0.34444444444444444,180,1.7905934218804511,0.5440307000470844
1787,0.0,2,0.0,0.3863375442651356
1788,0.6263736263736264,91,2.8323291087010474,0.6357737981384969
1791,0.03773584905660377,53,0.15052769987034997,0.39959414832449
1792,0.14955357142857142,448,0.9133270836578818,0.4667720127062641
1793,-0.38461538461538464,13,-1.0150220498520226,0.2969470504358141
1794,0.3708609271523179,151,1.8631609878635198,0.5504215469850048
1795,1.0,2,1.0986122886681096,0.4830896247005512
1796,-0.2,5,-0.358351893845611,0.3547783749247239
1797,0.7365269461077845,167,3.773937541716173,0.7186989354134423
1798,-0.23809523809523808,42,-0.8955238370698958,0.30747096393490797
1799,0.30985915492957744,213,1.6626967933870525,0.5327671587458912
1801,0.0741687979539642,391,0.4428813129256353,0.42534101150604176
1804,0.06722689075630252,119,0.32184818438870894,0.4146819217540498
1805,0.33865814696485624,626,2.181279020150446,0.5784374191587041
1806,-0.02976190476190476,168,-0.15267555699175814,0.3728917837152543
1807,0.35294117647058826,17,1.0201312086692347,0.4761779891371853
1809,0.5555555555555556,36,2.006065507024569,0.5630067962809292
1810,0.46458923512747874,353,2.726812163608892,0.6264811804751423
1811,0.6923076923076923,13,1.8270396897336407,0.5472404331579143
1812,0.3409090909090909,44,1.297725848785336,0.5006250658957332
1814,0.24,25,0.7819431691251557,0.4552013547062512
1815,-1.0,1,-0.6931471805599453,0.3252937779984929
1816,0.0594059405940594,101,0.2747508601951052,0.4105341763249533
1817,-0.08333333333333333,12,-0.21374577978846138,0.3675134794953017
1820,-1.0,1,-0.6931471805599453,0.3252937779984929
1821,0.1848341232227488,211,0.9900799275460117,0.47353144676877035
1822,-0.5238095238095238,21,-1.619117475568642,0.24374585305028404
1824,0.2692307692307692,104,1.25298932504241,0.4966852303520913
1825,-0.24242424242424243,33,-0.854875278694827,0.3110507824296167
1826,-0.775,40,-2.8780183516958386,0.1328775512083865
1827,0.6764705882352942,102,3.1352578449788715,0.6624519863955054
1829,-0.05405405405405406,37,-0.19662627890412895,0.3690211518048689
1830,1.0,1,0.6931471805599453,0.44738131053177826
1831,-0.25337331334332835,667,-1.6480130454688053,0.24120109132492856
1832,1.0,1,0.6931471805599453,0.44738131053177826
1833,0.01893939393939394,264,0.10567670124973906,0.3956442312601078
1834,0.6592292089249493,493,4.0888925823246955,0.746436250694558
1835,0.24043715846994534,366,1.419868422483066,0.5113818617525485
1836,0.22962962962962963,135,1.1280911219097602,0.4856857529929047
1837,-0.15625,64,-0.6522480109211932,0.32889566721040736
1839,-0.4927536231884058,69,-2.093461423618525,0.2019715489676183
1840,0.36875,160,1.873767859588021,0.5513556680728922
1841,0.0,95,0.0,0.3863375442651356
1842,1.0,2,1.0986122886681096,0.4830896247005512
1843,0.0,1,0.0,0.3863375442651356
1844,0.7241379310344828,29,2.462936034996733,0.6032422592617074
1845,0.5016611295681063,301,2.864699267852509,0.6386245583877985
1846,0.2,20,0.6089044875446846,0.4399622638901374
1848,0.096045197740113,177,0.49768542573426805,0.4301674748410557
1849,-0.2857142857142857,7,-0.5941261547656673,0.33401431603658477
1850,-0.15384615384615385,13,-0.40600881994080906,0.350581346733407
1851,1.0,2,1.0986122886681096,0.4830896247005512
1852,-1.0,1,-0.6931471805599453,0.3252937779984929
1853,-0.5294117647058824,17,-1.530196813003852,0.2515768769570611
1854,0.020833333333333332,48,0.08107958954397138,0.3934780241688687
1855,-0.3611111111111111,108,-1.694097846360524,0.23714251633107766
1856,0.125,72,0.5363074301435489,0.4335688197156101
1857,0.08333333333333333,24,0.26823965207235,0.40996075025051143
1858,0.2558139534883721,172,1.318283896266874,0.5024355625414063
1859,0.34375,32,1.2019244742541026,0.49218807462039765
1860,0.5909090909090909,44,2.2493914712279164,0.5844359150915048
1861,0.3333333333333333,3,0.46209812037329684,0.4270333884428974
1862,-0.6212121212121212,198,-3.2882651183894573,0.09674812813627556
1863,-0.5211267605633803,142,-2.586271145346712,0.15857100964377266
1864,-0.18181818181818182,11,-0.4518012090523637,0.34654852372537176
1865,0.4444444444444444,54,1.7810369712144316,0.543189086956595
1866,0.13227513227513227,189,0.6940508031958315,0.44746089035338804
1867,-0.3157894736842105,38,-1.1569142040409408,0.28445095763142353
1868,-0.5,2,-0.5493061443340548,0.33796150404742775
1869,-0.43137254901960786,51,-1.7044580746821845,0.236230116520657
1870,0.4166666666666667,72,1.7876914338118297,0.5437751291000507
1871,0.75,4,1.2070784343255752,0.4926419711993269
1872,0.1,10,0.23978952727983707,0.4074552177794884
1873,0.525096525096525,259,2.919894601614331,0.6434854755893142
1874,0.18518518518518517,27,0.6170749092917044,0.4406818128249279
1875,0.2804878048780488,164,1.4321554378013823,0.5124639489516915
1876,0.16424581005586592,895,1.116533229840575,0.4846678778838457
1877,-0.25,4,-0.40235947810852507,0.35090273528707183
1878,-0.6363636363636364,11,-1.5813042316832728,0.2470759723759622
1879,0.5454545454545454,22,1.7102695723249906,0.5369567763041653
1880,0.23076923076923078,26,0.7605777383086914,0.45331975379734646
1881,-0.14705882352941177,68,-0.6226627212643029,0.3315011708572478
1882,-0.40681362725450904,499,-2.5281872624843786,0.1636863142554758
1883,0.34487951807228917,664,2.2416434221539014,0.5837535634785118
1884,0.28187919463087246,298,1.6068364435060993,0.5278476752114546
1885,0.524671052631579,608,3.364095439801739,0.6826051501725017
1886,-0.25,4,-0.40235947810852507,0.35090273528707183
1887,-0.31666666666666665,60,-1.3017767236548818,0.27169327205450644
1888,0.028423772609819122,387,0.16943426029936953,0.40125920256997194
1889,0.6938775510204082,49,2.7144649425419787,0.6253937911038946
1890,-0.2857142857142857,7,-0.5941261547656673,0.33401431603658477
1891,-0.6666666666666666,9,-1.5350567286626973,0.25114887614587045
1892,0.30673316708229426,401,1.8393107403993505,0.5483211143893932
1893,0.6190476190476191,21,1.9135024711265767,0.5548549975190511
1894,-0.029723991507430998,471,-0.18300999107897617,0.3702203047621766
1895,0.17973856209150327,306,1.029335379468287,0.47698857780679754
1896,0.06382978723404255,47,0.2470979368664611,0.4080988514248368
1897,0.3609022556390977,133,1.767641431561231,0.5420093747475011
1898,0.5,14,1.354025100551105,0.5055832024389709
1899,0.1,10,0.23978952727983707,0.4074552177794884
1900,0.7049180327868853,61,2.9092914517530972,0.6425516822767648
1901,0.6,5,1.0750556815368328,0.4810150522863706
1902,0.0,30,0.0,0.3863375442651356
1903,0.3333333333333333,6,0.648636716351771,0.4434613834949999
1904,0.36283185840707965,113,1.718443684815702,0.5376766502736693
1905,-1.0,2,-1.0986122886681096,0.2895854638297199
1906,0.1875,32,0.6555951677749651,0.4440741971861876
1907,0.563265306122449,490,3.4902419985128317,0.6937145671351165
1908,0.0,1,0.0,0.3863375442651356
1909,0.39759036144578314,996,2.745262354322177,0.6281060433629447
1910,0.6341463414634146,41,2.3702295140333556,0.595077824123256
1911,-0.015180265654648957,527,-0.09516654700123357,0.37795646068797406
1912,0.5682819383259912,908,3.8713326746647345,0.7272762850701454
1913,0.5748502994011976,167,2.945512227680915,0.6457415568686921
1914,0.5940860215053764,372,3.5179269643582884,0.6961527139408278
1915,1.0,1,0.6931471805599453,0.44738131053177826
1916,0.3728813559322034,354,2.189603243533206,0.5791705130250283
1917,0.16846846846846847,1110,1.1814720294257757,0.49038687814049103
1918,0.13602391629297458,669,0.885145398844598,0.4642901210835461
1919,0.1810344827586207,116,0.8621176950926973,0.4622621278882872
1920,-0.11813186813186813,364,-0.6969658961649646,0.32495747311351414
1921,0.5432300163132137,613,3.487533949548121,0.6934760759276547
1922,0.3076923076923077,52,1.2216282810929606,0.49392334039506713
1923,0.6053975200583516,1371,4.37340670377625,0.7714927091445767
1924,-0.15261044176706828,249,-0.8426325898745597,0.31212896590316974
1925,0.6,45,2.297184837893457,0.5886449592680539
1926,0.15625,32,0.5463293064791376,0.4344514216993456
1927,0.7873134328358209,268,4.404791421999955,0.774256684036669
1928,0.41379310344827586,29,1.4073920199981333,0.510283095691748
1929,0.6309523809523809,84,2.803101388023652,0.6331997847116567
1930,0.2,5,0.358351893845611,0.41789671360554725
1931,0.7688888888888888,225,4.167789132773802,0.7533844757179492
1932,0.2777777777777778,36,1.0030327535122845,0.47467217027303243
1933,0.3333333333333333,21,1.030347484452772,0.4770777114018593
1934,0.7532467532467533,77,3.281676778545407,0.6753467415186905
1935,0.7383177570093458,107,3.4569006256337698,0.6907782744831081
1936,0.6707317073170732,82,2.9638565052294257,0.6473570922447389
1937,0.5714285714285714,63,2.3765046190626693,0.5956304571793389
1938,0.680327868852459,122,3.2738631270156606,0.6746586124588774
1939,0.7161016949152542,236,3.915687134965412,0.7311824732267364
1940,0.6813186813186813,91,3.0807790305169287,0.6576541712852829
1941,0.5575221238938053,113,2.6405354181314444,0.618882999839224
1942,0.7478991596638656,119,3.5805610513243873,0.7016687438293061
1943,0.2786885245901639,61,1.1501849925535501,0.48763150580461695
1944,0.7417582417582418,364,4.376297487547452,0.7717472933567121
1945,0.7976878612716763,519,4.988603329464828,0.8256715618901417
1946,0.7073170731707317,205,3.768497777924338,0.718219868804261
1947,0.6727989487516426,761,4.464657866638059,0.7795289744768481
1948,0.5858585858585859,198,3.1011280791315206,0.6594462619151173
1949,0.817351598173516,219,4.408490094963802,0.7745824170616803
1950,0.7902298850574713,348,4.626852812085251,0.7938130841395479
1951,0.5070422535211268,213,2.720776570996995,0.6259496406881901
1952,0.7134238310708899,663,4.636029346459055,0.7946212389372054
1953,0.7549361207897793,861,5.102805953462719,0.83572910591814
1954,0.633303808680248,1129,4.452108619902627,0.7784237932021854
1955,0.584070796460177,452,3.5721139847954007,0.7009248314694264
1956,0.6706114398422091,507,4.178232134470777,0.7543041651758178
1957,0.5378548895899053,634,3.471113761234082,0.6920299903550542
1958,0.41320754716981134,530,2.5927790238716693,0.6146772117314568
1959,0.4520766773162939,626,2.9118017108612086,0.6427727546183425
1960,0.6808176100628931,636,4.3958824856332495,0.7734720959369032
1961,0.7383458646616541,1330,5.311428175687218,0.8541019515830565
1962,0.6242331288343558,652,4.0460151711894285,0.742660142622755
1963,0.7341269841269841,252,4.062210537359489,0.7440864286624518
1964,0.6324503311258278,302,3.6136522048089055,0.7045830002750594
1965,0.4806924101198402,751,3.1834990851476594,0.6667004736892105
1966,0.4595959595959596,198,2.432781510353176,0.6005866244905523
1967,0.43862815884476536,554,2.7716773495313785,0.6304323469802838
1968,0.6231319038336582,1539,4.573500097398285,0.7891144418650297
1969,-0.41605839416058393,274,-2.336904763262734,0.1805320931908422
1970,-0.1791044776119403,268,-1.0020378590331651,0.2980905361654502
1971,-0.48760330578512395,242,-2.6784349186536556,0.15045437295565106
1972,-0.63,200,-3.3410820920772175,0.09209666725302926
1973,-0.5069767441860465,215,-2.725141146221275,0.14634107044386538
1974,0.050473186119873815,317,0.2908290918753402,0.41195014661841434
1975,-0.3508771929824561,171,-1.8061384129170008,0.22727537938084044
1976,-0.6180904522613065,199,-3.2748393773136106,0.09793050011033219
1977,-0.46745562130177515,169,-2.400757849272016,0.17490870905674583
1978,-0.543859649122807,114,-2.580577122443171,0.15907246822715732
1979,-0.48214285714285715,112,-2.2792762697363074,0.18560729278450439
1980,-0.5054945054945055,91,-2.285739280706108,0.18503811131470377
1981,-0.6666666666666666,99,-3.0701134573253945,0.11596020802660532
1982,0.48616600790513836,506,3.0280903298091526,0.6530140070876873
1983,-0.1794871794871795,195,-0.9473539131952211,0.3029064166911022
1984,-0.47619047619047616,105,-2.220685282910508,0.19076725679422124
1985,-0.2868217054263566,129,-1.3961145323012136,0.26338517342462836
1986,-0.4881889763779528,127,-2.368707687897766,0.1777312878893646
1987,-0.43956043956043955,91,-1.9875993745270508,0.21129455909084705
1988,-0.5294117647058824,51,-2.0918349098372264,0.20211479203327554
1989,-0.8666666666666667,15,-2.402910225941144,0.17471915454077436
1990,-0.6875,16,-1.9478341740386487,0.2147965824305355
1991,-0.18410041841004185,239,-1.0089879189416218,0.2974784614943129
1992,-0.5413533834586466,133,-2.6514621473418463,0.15282979854158735
1993,-0.6804123711340206,97,-3.1196685937346165,0.11159600912467453
1994,0.5207547169811321,795,3.478432783571792,0.6926745586392714
1995,-0.4065934065934066,182,-2.1181427214849737,0.19979792780840105
1996,-0.7142857142857143,112,-3.376705584794529,0.08895939392345975
1997,0.6124293785310735,885,4.156384844325372,0.7523801281017316
1998,-0.7345132743362832,113,-3.478800630236665,0.07996813454054283
1999,-0.16535433070866143,127,-0.8023042168685981,0.31568058646043895
2000,0.6564228641671789,1627,4.854317676538866,0.8138453549313918
2001,0.4421364985163205,1011,3.059444788211467,0.655775317071783
2002,0.21820448877805487,802,1.4594290211230465,0.5148658663109982
2003,0.2268041237113402,776,1.5094813165782293,0.5192738487865338
2004,-0.29838709677419356,372,-1.7669225929582355,0.23072902012938068
2005,0.34217877094972066,716,2.2498513700375793,0.5844764172478011
2006,0.4516785350966429,983,3.112799489614649,0.6604741343115088
2007,-0.18461538461538463,65,-0.7734747216048785,0.31821952915518115
2008,-0.26666666666666666,15,-0.7393569925972749,0.32122419358071674
2009,0.3886255924170616,422,2.3501635956483167,0.593310668075918
2010,0.6958762886597938,388,4.149913460765413,0.7518102092785218
2011,0.28411053540587217,1158,2.004488709377183,0.5628679315928278
2012,0.18902439024390244,1148,1.331988204959216,0.5036424672798565
2013,0.36816720257234725,622,2.368988991643612,0.5949685743694781
2014,0.15555555555555556,180,0.8086550937524618,0.4575538081666609
2015,0.3605263157894737,380,2.1425355641904162,0.5750253783449831
2016,-0.1651376146788991,109,-0.7762261154519587,0.3179772206706065
2017,0.006172839506172839,162,0.03144290247411582,0.3891066433009626
2018,0.5127334465195246,589,3.2713022175615087,0.6744330794659811
2019,0.8901273885350318,628,5.736097726903736,0.8915015537917526
2020,0.6817593790426908,773,4.53477151019636,0.7857037105062411
2021,0.2522179974651457,789,1.6828067885256683,0.5345381965244381
2022,0.38976377952755903,254,2.1597838227192288,0.5765443900234104
2023,0.2648578811369509,774,1.762063205448884,0.5415181141025259
2024,0.22972972972972974,148,1.1495552324469298,0.4875760443819483
2025,0.2579185520361991,221,1.3934507274512216,0.5090553203684739
2026,-0.19875776397515527,161,-1.011199271598983,0.29728371310820534
2027,-0.3333333333333333,129,-1.622511483485194,0.24344695112616777
2028,0.817188088955899,2653,6.44256642664387,0.9537185134666049
2029,0.5657894736842105,76,2.457679383417216,0.6027793188944018
2031,0.0,37,0.0,0.3863375442651356
2032,-0.025,40,-0.0928393016676077,0.37816141545685333
2033,0.13,200,0.6894296380476799,0.4470539157120782
2034,-0.14915254237288136,295,-0.8487315796279955,0.3115918428859909
2035,0.07017543859649122,57,0.2849433691611522,0.4114318055045042
2036,-0.4791666666666667,96,-2.192049010532871,0.1932891828249327
2037,0.4444444444444444,54,1.7810369712144316,0.543189086956595
2038,-0.05555555555555555,198,-0.2940724902624718,0.360439303798327
2039,-1.0,1,-0.6931471805599453,0.3252937779984929
2040,0.0234375,128,0.11390185322722668,0.3963686001515974
2041,-0.15862068965517243,145,-0.7905031193054604,0.3167198800787901
2042,-0.21243523316062177,193,-1.1190786762777019,0.2877830394433822
2043,0.25316455696202533,158,1.2832668866380335,0.4993517006848048
2044,-0.34615384615384615,52,-1.3743318162295806,0.2653035236189626
2045,0.38181818181818183,55,1.536952463735239,0.5216931651065891
2046,0.35074626865671643,536,2.204790376432214,0.5805080064419367
2047,0.13636363636363635,22,0.42756739308124764,0.423992352274893
2048,0.3893129770992366,131,1.9009381530679763,0.5537484889500494
2049,0.24324324324324326,37,0.8848182550685804,0.4642613103363356
2050,-0.2403846153846154,104,-1.1187404687878661,0.28781282454463947
2051,-0.26732673267326734,101,-1.2363788708779735,0.27745269999595595
2052,-0.060109289617486336,183,-0.31346608379070406,0.35873135774644904
2053,-0.47506561679790027,381,-2.82446490855063,0.13759387114420327
2054,-0.03636363636363636,1045,-0.25282649616817704,0.36407173698646095
2055,-0.09523809523809523,42,-0.3582095348279583,0.35479091213304453
2056,0.3333333333333333,18,0.9814796597221467,0.47277404234789916
2057,0.34065934065934067,91,1.5403895152584643,0.5219958577752093
2058,0.48936170212765956,799,3.271192973114092,0.6744234585763619
2059,0.23880597014925373,268,1.336050478710887,0.5040002217313827
2060,-0.00546448087431694,183,-0.028496916708245824,0.383827890945255
2061,0.42857142857142855,7,0.891189232148501,0.4648223866079619
2062,0.15714285714285714,70,0.6698496949636352,0.4453295583134503
2063,-0.25,8,-0.5493061443340549,0.3379615040474277
2064,0.706766917293233,798,4.723578412797217,0.8023314697399797
2065,0.4592901878914405,479,2.835559379662685,0.6360582801519717
2066,0.7452830188679245,106,3.482579980400854,0.6930397920572167
2067,0.6702127659574468,564,4.247021500661977,0.7603622753567089
2068,0.6015625,128,2.923480899498818,0.643801312017656
2069,0.55,140,2.721817939707993,0.6260413514676241
2070,0.625,264,3.4873311412413885,0.6934582150992183
2071,0.6783625730994152,171,3.4918675983062015,0.6938577297081062
2072,-0.0462046204620462,303,-0.2641530951144789,0.3630742312934918
2073,0.4696969696969697,66,1.9749313818351506,0.5602648905006244
2074,0.42857142857142855,21,1.3247324800107068,0.5030034734409232
2075,0.5185185185185185,81,2.2849655356185017,0.5875688353899892
2076,0.5275229357798165,654,3.42079381696355,0.6875984367070693
2077,0.42857142857142855,154,2.161467907251106,0.5766927032033821
2078,0.5978915662650602,664,3.8861678541270694,0.7285827828140892
2079,0.5714285714285714,14,1.5474572577726913,0.5226182964638046
2080,0.6053240740740741,864,4.093642976996959,0.7468546062620058
2081,0.5371980676328503,1035,3.7298319488769103,0.7148146644016832
2082,-0.036011080332409975,361,-0.21216447300203609,0.3676527412921808
2083,0.44656488549618323,262,2.4883283273465593,0.6054784959552258
2084,0.12903225806451613,93,0.5862315848090327,0.437965517147168
2085,0.45132743362831856,565,2.8607813981271004,0.6382795212434682
2086,0.41379310344827586,29,1.4073920199981333,0.510283095691748
2087,0.5202020202020202,594,3.3233425493494946,0.6790161434085309
2088,-0.2929936305732484,471,-1.8039556263499077,0.22746761202168297
2089,0.19246861924686193,239,1.054851006166241,0.4792356762528138
2090,0.40562248995983935,249,2.2396287257192244,0.5835761341219395
2091,-0.04838709677419355,186,-0.2531181588800607,0.3640460509692452
2092,-0.37423312883435583,163,-1.9085389699219395,0.21825721434649117
2093,-0.07246376811594203,276,-0.4075375004483579,0.3504467196033885
2094,0.10190217391304347,736,0.6728180596660329,0.4455909748872593
2095,0.017699115044247787,113,0.08382652121052205,0.39371993968018604
2096,0.5322896281800391,511,3.3205954951286616,0.6787742171041595
2097,0.38967136150234744,213,2.0909671795625053,0.5704838776272979
2098,0.13157894736842105,76,0.5715533449807478,0.4366728406905463
2099,0.47058823529411764,221,2.5424364149987198,0.6102436620677177
2100,0.35597592433361996,1163,2.513053910672943,0.6076560172259072
2101,0.26666666666666666,15,0.7393569925972749,0.45145089494955437
2102,0.26903553299492383,197,1.4227317392223875,0.511634027010786
2103,0.08108108108108109,37,0.2949394183561935,0.4123121329555356
2104,0.3018867924528302,53,1.2042215989627998,0.4923903767399702
2105,0.2670103092783505,970,1.8365840776159312,0.548080983908729
2106,0.22162162162162163,185,1.158138452012115,0.48833194740463565
2107,-0.18090452261306533,199,-0.958489573847886,0.3019257264637297
2108,0.5284848484848484,825,3.549618571218359,0.6989437157598319
2109,0.518324607329843,573,3.292724137359357,0.6763196552204497
2110,0.2016348773841962,367,1.191275578813354,0.4912502526072462
2111,0.1891025641025641,312,1.0866217571854777,0.4820336481031318
2112,0.37572254335260113,346,2.197723183217028,0.579885616128756
2113,-0.5189873417721519,79,-2.274216354704166,0.18605290704827673
2114,0.52734375,256,2.9262705916439637,0.6440469933390841
2115,0.47293700088731144,1127,3.32389650690942,0.6790649290874721
2116,0.2237442922374429,438,1.3613720147976411,0.5062302270949529
2117,0.5215827338129496,278,2.937142835842079,0.6450044851276066
2118,0.5289256198347108,363,3.119155764700425,0.6610339158146943
2119,-0.4421768707482993,147,-2.20965168567801,0.19173895854737097
2120,-0.02066115702479339,242,-0.11349300502769728,0.37634249463337777
2121,-0.17959183673469387,245,-0.9887126023715263,0.2992640587244528
2122,-0.296137339055794,233,-1.615524278796916,0.2440622970466458
2123,-0.013953488372093023,215,-0.0750038847583837,0.3797321367287704
2124,0.1568627450980392,714,1.030946281206903,0.477130445958279
2125,0.5336538461538461,416,3.2195796664407066,0.6698780016846907
2126,-0.15757575757575756,495,-0.9780059036051401,0.30020697133423163
2127,0.25,4,0.40235947810852507,0.42177235324319934
2128,0.36,25,1.1729147536877336,0.489633259926809
2129,0.625,8,1.3732653608351373,0.5072776448094053
2130,0.625,304,3.575194860379632,0.7011961565996946
2131,0.43333333333333335,30,1.4880611219435633,0.5173874249629408
2132,0.7070707070707071,297,4.028247919751296,0.7410954245161129
2133,0.2144177449168207,541,1.3498167396802199,0.505212582454395
2134,0.3215686274509804,510,2.0054208093988386,0.5629500193477157
2135,0.19747899159663865,238,1.0814864997511806,0.48158139861942906
2136,0.11261261261261261,222,0.6089157400292927,0.439963254868763
2137,0.5955734406438632,497,3.6988684563366143,0.7120877858188375
2138,0.6098360655737705,305,3.490448619551288,0.693732763741452
2139,0.5962059620596206,369,3.525665748619023,0.6968342496245171
2140,0.45211267605633804,710,2.9688758450237187,0.647799133147175
2141,0.33663366336633666,404,2.021110497837845,0.5643317715941772
2142,-0.09950248756218906,201,-0.5281858405374333,0.3398215172229844
2143,0.2140845070422535,355,1.2577316494218431,0.49710287518871143
2144,0.5257301808066759,719,3.458910929262612,0.6909553169760818
2145,0.30303030303030304,693,1.9825672607596379,0.5609373635646139
2146,0.09659090909090909,352,0.5666474827719661,0.43624079347978323
2147,-0.3116883116883117,231,-1.6976843755843043,0.23682665952925375
2148,-0.060240963855421686,166,-0.3083128802660696,0.35918518769816016
2149,-0.39805825242718446,103,-1.8487381249009347,0.22352372758984151
2150,0.5194244604316547,695,3.39981471565572,0.6857508588871829
2151,0.1484375,128,0.7213784037724357,0.4498675648793939
2152,-0.43478260869565216,69,-1.8471718443692866,0.2236616660614439
2153,-0.625,288,-3.54151668007027,0.07444488638404458
2154,-0.14285714285714285,140,-0.7069656986254526,0.3240768151216321
2155,0.27715355805243447,267,1.549561934673421,0.5228036501785686
2156,0.5555555555555556,9,1.2792139405522478,0.49899476769785656
2157,0.2,20,0.6089044875446846,0.4399622638901374
2158,-0.1,20,-0.3044522437723423,0.3595251844526347
2159,0.365296803652968,219,1.970274902777118,0.5598548058501835
2160,0.5674157303370787,712,3.727627098100247,0.7146204886202068
2161,0.4291845493562232,699,2.811622461392019,0.6339502146717402
2162,-0.384180790960452,177,-1.9907417029370722,0.21101782196145497
2163,-0.2087378640776699,206,-1.1131403306330623,0.2883060149292654
2164,-0.55,20,-1.6744873407478829,0.23886956529638068
2165,0.30275229357798167,109,1.4230812116619245,0.511664804188439
2166,0.3819444444444444,144,1.900835804396747,0.5537394753544675
2167,0.3658838071693449,809,2.4503363872797026,0.6021326392966385
2168,0.08860759493670886,79,0.3882808410470528,0.4205324823265505
2169,-0.2076923076923077,130,-1.0125409825110083,0.29716555193030814
2170,-0.24390243902439024,123,-1.175678430635375,0.2827984383764514
2171,0.5357142857142857,196,2.8302877118239222,0.6355940173396714
2172,0.25,4,0.40235947810852507,0.42177235324319934
2173,0.38181818181818183,110,1.7981842586828911,0.5446992063622398
2174,0.4414715719063545,1495,3.22740006998844,0.6705667253781104
2175,0.6111111111111112,18,1.7993793761572692,0.5448044574168688
2176,0.643979057591623,191,3.38571691497077,0.6845093002773786
2177,0.1927710843373494,83,0.8541333588131689,0.46155896704263805
2178,0.5789473684210527,95,2.642517374007695,0.6190575458153945
2179,0.1282051282051282,39,0.4729332633479405,0.42798761281797953
2180,0.27586206896551724,58,1.1248379155601986,0.4853992511162623
2181,0.423728813559322,118,2.025052327589631,0.5646789188390618
2182,0.47959183673469385,98,2.203781968942099,0.5804191984761041
2183,0.6815642458100558,179,3.5393337196011485,0.6980379541902604
2184,0.4421768707482993,147,2.20965168567801,0.5809361299829001
2185,0.47058823529411764,17,1.3601749448923126,0.5061248040945351
2186,0.8443983402489627,482,5.21839580505518,0.8459088196662446
2187,0.4230769230769231,26,1.3943925202326009,0.5091382617408555
2188,-0.16602316602316602,259,-0.9232019696280606,0.30503341891999086
2189,0.5238095238095238,21,1.619117475568642,0.5289292354799872
2190,-0.09615384615384616,52,-0.38175883784155024,0.35271698297453197
2191,-0.1,10,-0.23978952727983707,0.36521987075078277
2192,0.0,7,0.0,0.3863375442651356
2193,0.3740648379052369,802,2.5018783219252225,0.6066718106294715
2194,0.7284826974267968,1127,5.119923137284491,0.8372365741697101
2195,-0.014814814814814815,135,-0.07278007238127485,0.3799279824117311
2196,-0.4074074074074074,27,-1.3575648004417495,0.2667801534335925
2197,0.6363636363636364,11,1.5813042316832728,0.525599116154309
2198,0.5,2,0.5493061443340548,0.4347135844828434
2200,-0.5,8,-1.0986122886681098,0.28958546382971984
2201,0.3,20,0.9133567313170269,0.4667746237026382
2202,0.6713615023474179,213,3.6025097190052806,0.7036017089734393
2203,0.8025751072961373,233,4.378304929493091,0.7719240838282891
2204,0.651685393258427,89,2.9324602345972517,0.6445920999604646
2205,0.3939393939393939,33,1.389172327879094,0.5086785322478539
2206,0.718562874251497,167,3.681890284601144,0.7105925600195812
2207,0.0,8,0.0,0.3863375442651356
2208,0.7638190954773869,199,4.046955978468851,0.7427429972044047
2209,0.2,10,0.47957905455967414,0.4285728912938413
2210,0.5740740740740741,54,2.3005060878186407,0.5889374535749372
2211,0.3684210526315789,19,1.1036908376251544,0.48353688000822936
2212,0.59375,128,2.8855136150897427,0.6404576267221687
2213,-1.0,1,-0.6931471805599453,0.3252937779984929
2214,0.0,1,0.0,0.3863375442651356
2215,0.4166666666666667,12,1.068728898942307,0.48045786811430474
2217,-1.0,1,-0.6931471805599453,0.3252937779984929
2218,-1.0,1,-0.6931471805599453,0.3252937779984929
2219,0.4,10,0.9591581091193483,0.470808238322547
2221,0.2727272727272727,11,0.6777018135785455,0.44602107507478134
2223,0.3333333333333333,3,0.46209812037329684,0.4270333884428974
2226,0.0,1,0.0,0.3863375442651356
2227,0.42857142857142855,21,1.3247324800107068,0.5030034734409232
2231,0.5014492753623189,345,2.931692487202859,0.6445244863369667
2232,0.3648068669527897,233,1.9901386043150413,0.561604153157478
2233,-1.0,5,-1.791759469228055,0.22854169756307724
2234,-0.75,8,-1.6479184330021646,0.24120942361201203
2235,-1.0,1,-0.6931471805599453,0.3252937779984929
2236,0.4504950495049505,202,2.393572990558429,0.5971336266494905
2237,0.45454545454545453,44,1.7303011317137815,0.5387209064392658
2238,0.5844155844155844,77,2.5461285350783327,0.610568817996342
2239,0.5154639175257731,97,2.3633852982838,0.594475070886697
2240,0.42436974789915966,238,2.3240454569121116,0.5910105078775534
2241,-0.17054263565891473,129,-0.830122154341262,0.31323072917078
2242,-0.3333333333333333,6,-0.648636716351771,0.3292137050352712
2243,0.5652724968314322,789,3.7715167220223527,0.7184857397809595
2244,-0.5714285714285714,7,-1.1882523095313346,0.2816910878080339
2245,0.36186770428015563,514,2.2595623414853208,0.5853316386032412
2246,-0.14285714285714285,14,-0.3868643144431728,0.35226735621546834
2247,0.11506849315068493,365,0.6792071232954996,0.4461536439967907
2248,0.7078774617067833,914,4.826962658898536,0.8114362658520605
2249,0.1506276150627615,239,0.8255355700431452,0.45904043016853596
2250,0.16129032258064516,62,0.6682475365147633,0.44518846016197827
2251,0.5,2,0.5493061443340548,0.4347135844828434
2252,0.026881720430107527,186,0.14062119937781148,0.39872170720729694
2253,-0.2636363636363636,440,-1.6052936489814411,0.24496328343558546
2254,-1.0,1,-0.6931471805599453,0.3252937779984929
2255,-0.25316455696202533,79,-1.109373831563008,0.2886377212325215
2256,-0.3333333333333333,24,-1.0729586082894,0.29184472032363223
2257,0.0,17,0.0,0.3863375442651356
2258,0.0,2,0.0,0.3863375442651356
2259,-0.19402985074626866,201,-1.029962389047995,0.29563129153294077
2260,-0.12244897959183673,49,-0.4790232251544668,0.3441511477641781
2261,0.2484472049689441,161,1.2639990894987287,0.4976548332112984
2262,0.15337423312883436,326,0.888030701057861,0.4645442225483646
2263,0.13714285714285715,175,0.7090949478909465,0.448785791151092
2264,-0.3253012048192771,83,-1.4413500429972224,0.25940139332810014
2265,-0.5421686746987951,83,-2.402250071662037,0.17477729270340983
2266,-0.09230769230769231,195,-0.4872105839289709,0.34343010722706124
2267,-0.04054054054054054,74,-0.1750333019001207,0.37092279214648993
2268,0.6663524976437323,1061,4.64308369997543,0.7952424984897118
2269,-0.18433179723502305,217,-0.992533652127021,0.29892754827658624
2271,0.25,76,1.085951355463421,0.48197460747341603
2272,0.41964285714285715,112,1.9838145310667858,0.5610472075908701
2273,0.4609250398724083,627,2.9695280831089463,0.6478565741500982
2275,0.2676056338028169,71,1.1444599473423245,0.48712731516294444
2276,0.5857142857142857,70,2.4967124994099135,0.6062168693543086
2277,-1.0,1,-0.6931471805599453,0.3252937779984929
2278,0.39826302729528534,806,2.665703346792374,0.6210994773748496
2279,-0.2079646017699115,226,-1.1281975700071945,0.28697996091540806
2280,0.368,125,1.7797517417581439,0.5430758999614963
2281,0.36363636363636365,11,0.9036024181047274,0.4659155853446632
2282,0.3829113924050633,316,2.2051490969593384,0.5805395980759027
2283,-0.08196721311475409,61,-0.3382897036922206,0.35654520263587636
2284,0.5581395348837209,43,2.1121058421869363,0.5723455076196363
2285,0.6851851851851852,54,2.745765330622249,0.6281503392478021
2286,-0.27906976744186046,43,-1.0560529210934682,0.29333356258788523
2287,0.3142857142857143,280,1.7720543246477485,0.5423980073809275
2288,0.5330634278002699,741,3.5232023630919236,0.6966173053238573
2289,0.679959100204499,978,4.682559859184856,0.7987190666753291
2290,0.19834710743801653,121,0.9528636782941997,0.47025390329118827
2291,0.44942294636795654,1473,3.27887075231502,0.6750996216945755
2292,-0.3,20,-0.9133567313170269,0.30590046482763295
2293,0.2,25,0.6516193076042964,0.44372405296606526
2294,0.3813953488372093,645,2.4679328340008064,0.6036823150522245
2295,0.5945945945945946,74,2.5671550945351034,0.6124205753386049
2296,-0.4027777777777778,144,-2.0045177573638426,0.20980459875274912
2297,0.09014084507042254,355,0.5295712208091972,0.4329755783382202
2298,-0.7333333333333333,15,-2.033231729642506,0.2072758298829838
2299,0.75,4,1.2070784343255752,0.4926419711993269
2300,0.7537993920972644,658,4.892703454579397,0.8172258959310341
2301,0.42048517520215634,371,2.4888071193170105,0.6055206619856943
2302,0.5920810313075506,1086,4.139343221380237,0.7508793143106018
2303,0.5938461538461538,325,3.4365267526269987,0.6889839976301504
2304,0.42857142857142855,7,0.891189232148501,0.4648223866079619
2305,0.4,25,1.3032386152085929,0.501110561666995
2306,-0.24444444444444444,90,-1.1026545460374522,0.2892294721717225
2307,-0.15789473684210525,38,-0.5784571020204704,0.33539425094827957
2308,-1.0,1,-0.6931471805599453,0.3252937779984929
2309,1.0,2,1.0986122886681096,0.4830896247005512
2310,0.5970149253731343,134,2.928522255784137,0.6442452918582712
2311,0.3425531914893617,470,2.108366283269454,0.572016173869314
2312,0.6283987915407855,331,3.6479397991982765,0.7076026243267064
2313,0.7133479212253829,457,4.370589396107712,0.7712445957919689
2314,0.1346153846153846,104,0.626494662521205,0.44151138730861345
2315,-0.35374149659863946,147,-1.767721348542408,0.23065867569092388
2316,0.00847457627118644,236,0.04633949272148417,0.3904185493416042
2317,-0.25,8,-0.5493061443340549,0.3379615040474277
2318,0.603125,320,3.480900427387791,0.6928918779569544
2320,0.10695187165775401,187,0.5600472687518662,0.4356595288750173
2321,0.5276338514680483,1158,3.72262188884334,0.7141796921594212
2322,-0.034482758620689655,290,-0.195631836799017,0.36910872987361487
2323,0.6,35,2.1501113630736657,0.5756925603076056
2324,0.8020833333333334,1152,5.654785771465808,0.8843406099956215
2325,0.1092436974789916,119,0.523003299631652,0.43239715768462117
2326,-0.08333333333333333,12,-0.21374577978846138,0.3675134794953017
2327,-0.09,100,-0.41536084651571337,0.34975773676950767
2328,-0.08670520231213873,173,-0.44731693345790713,0.34694344284059064
2329,0.778125,640,5.029044796166396,0.8292331423308447
2330,0.75,92,3.399449619864942,0.6857187057994373
2331,0.19553072625698323,179,1.0153826244757393,0.47575979301414684
2332,0.125,8,0.27465307216702745,0.4105255643739895
2333,0.5986159169550173,578,3.807976915640582,0.7216966992996432
2334,0.13989637305699482,386,0.8335620036881042,0.45974729842555145
2335,0.002380952380952381,420,0.0143872210325771,0.38760459141265435
2336,0.7089552238805971,938,4.852667690483471,0.8137000447203231
2337,0.1984126984126984,126,0.9611482314401966,0.4709835034973945
2338,-0.4745762711864407,295,-2.7005095715436216,0.14851031260422065
2339,0.0,27,0.0,0.3863375442651356
2340,0.22674418604651161,344,1.324989722466413,0.5030261281508901
2341,0.2727272727272727,44,1.0381806790282688,0.4777675615696137
2342,0.45454545454545453,11,1.1295030226309093,0.48581009561454513
2343,-1.0,2,-1.0986122886681096,0.2895854638297199
2344,0.30845771144278605,201,1.6373761056660432,0.5305372280958043
2345,0.27906976744186046,43,1.0560529210934682,0.47934152594238594
2346,0.24333333333333335,300,1.3887301644222265,0.5086395920004292
2347,0.6105263157894737,95,2.786654685317205,0.6317513640817722
2348,0.4407894736842105,304,2.521453217320372,0.6083957234905615
2349,0.5089820359281437,167,2.608005618259144,0.6160181804245346
2350,-0.21052631578947367,19,-0.6306804786429454,0.3307950666976534
2351,0.7207207207207207,111,3.4007199072397074,0.6858305768821906
2352,0.6073985680190931,838,4.089135142710988,0.7464576123908062
2353,0.5364372469635628,988,3.6996437204048966,0.7121560614173055
2354,-0.11347517730496454,141,-0.5623633540540438,0.33681158772287795
2355,0.6388725778038755,1703,4.753680724391964,0.8049825062364291
2356,-0.07291666666666667,96,-0.33357267551587166,0.3569606196981482
2357,0.8744186046511628,215,4.700243444858712,0.8002764165440236
2358,0.75,4,1.2070784343255752,0.4926419711993269
2359,0.6244665718349929,703,4.094488902351893,0.7469291048260827
2360,0.811965811965812,117,3.8736328147370784,0.7274788527453733
2361,0.22784810126582278,158,1.15494019797423,0.4880502850428378
2362,-0.03773584905660377,53,-0.15052769987034997,0.3730809402057812
2363,0.2292358803986711,301,1.3090347647802858,0.5016210142946969
2364,-0.1487603305785124,121,-0.7146477587206498,0.3234002749955961
2365,-0.08823529411764706,136,-0.4341159640436581,0.3481060197276027
2366,0.45105820105820105,756,2.9902286632568384,0.6496796232969057
2367,-0.16181229773462782,309,-0.928247944575921,0.3045890323251328
2368,-0.8275862068965517,58,-3.3745137466805954,0.08915242371175551
2369,-0.015476190476190477,840,-0.10422582330910515,0.3771586325195959
2370,0.4154929577464789,142,2.062026994262919,0.5679351867335195
2371,0.4257095158597663,599,2.723233826511047,0.6261660451336877
2372,0.008403361344537815,238,0.046020702117071516,0.3903904742376587
2373,-0.3492063492063492,189,-1.8322941204369951,0.22497191059214916
2374,-0.040983606557377046,244,-0.2254614020715052,0.36648171347450276
2375,-0.08133971291866028,418,-0.4911186872663939,0.3430859301844845
2376,0.22153846153846155,325,1.2820203429489323,0.4992419206500116
2377,-0.01092896174863388,183,-0.05699383341649165,0.38131823762537437
2378,0.03631961259079903,413,0.21885711769341334,0.4056117519845918
2379,-0.39555555555555555,225,-2.144122733045482,0.19750993213045112
2380,-0.576530612244898,196,-3.0459286803438403,0.11809010181349233
2381,-0.6379310344827587,174,-3.29477725922707,0.09617461991993174
2382,-0.6933333333333334,150,-3.478647353525014,0.07998163324330403
2383,-0.7651006711409396,149,-3.8336404263555246,0.04871826700319734
2384,0.21223709369024857,523,1.3289207972459574,0.5033723282318389
2385,-0.2945205479452055,146,-1.4697849399416827,0.25689720193617743
2386,-0.5932203389830508,59,-2.428848469114805,0.1724348373018566
2387,-0.08755760368663594,217,-0.47145348476033494,0.3448177961705747
2388,0.3333333333333333,15,0.9241962407465937,0.46772923262065913
2389,-0.20454545454545456,264,-1.1413083734971818,0.2858253247194357
2390,0.5242424242424243,330,3.041716602849188,0.6542140394182948
2391,0.5718120805369128,745,3.7823800076332916,0.7194424426087574
2392,-0.4585365853658537,205,-2.443026145688881,0.17118624421908188
2393,0.28872366790582404,807,1.9328785125593744,0.556561397801082
2394,0.41796200345423146,579,2.6595039741913515,0.620553513887339
2395,0.5524590163934426,1220,3.9265612865168977,0.732140132991176
2396,0.7264668636555509,2369,5.645116271817777,0.8834890409595143
2397,0.30434782608695654,23,0.9672337744537227,0.4715194422932837
2398,0.6421052631578947,380,3.8159027566603028,0.7223947086117254
2399,-0.20179372197309417,223,-1.0920361988048286,0.29016460387936743
2400,-0.09302325581395349,43,-0.3520176403644894,0.35533621703938545
2401,0.6153846153846154,312,3.536125040332402,0.6977553737040385
2402,-0.09975062344139651,401,-0.5981498342762116,0.3336599604848892
2403,0.42317380352644834,397,2.5333096647047495,0.609439891631446
2404,-0.42857142857142855,301,-2.4473258645892297,0.17080757855769507
2405,0.1515601783060921,673,0.9871463169584773,0.47327309090432307
2406,0.5301115241635688,1345,3.81939655001928,0.722702398394171
2407,0.43737574552683894,1006,3.0243355793202458,0.6526833354530581
2408,-0.3436293436293436,259,-1.9108133789976136,0.21805691273681277
2409,0.15955056179775282,445,0.9733093159402799,0.47205450027930773
2410,-0.06733167082294264,401,-0.4037511381364428,0.35078017521346927
2411,-0.24266666666666667,375,-1.438913632129281,0.25961596203691606
2412,-0.5437956204379562,274,-3.0543755239135733,0.11734620908908547
2413,0.16930022573363432,443,1.0320244744524083,0.47722539978383693
2414,0.33509234828496043,379,1.9905059342889047,0.5616365030042294
2415,-0.13333333333333333,15,-0.36967849629863747,0.3537808689229262
2416,0.13559322033898305,354,0.7962193612848022,0.45645862381418745
2417,-0.08108108108108109,74,-0.3500666038002414,0.35550804002784425
2418,0.09090909090909091,110,0.4281391092102122,0.42404270190730325
2419,0.15942028985507245,69,0.6772963429354051,0.4459853662731558
2420,0.36105476673427994,493,2.239455014319372,0.5835608357864809
2421,-0.20964360587002095,477,-1.2934194407738901,0.27242927738947637
2422,-0.5734265734265734,286,-3.245297494351671,0.10053218103637787
2423,0.4155339805825243,515,2.5954696074039894,0.6149141648012727
2424,0.28758949880668255,838,1.936113102933886,0.5568462602146181
2425,0.5344827586206896,58,2.1793734613978843,0.5782696012891936
2426,0.0,27,0.0,0.3863375442651356
2427,0.261519302615193,803,1.7494593356507881,0.5404081223091688
2428,-0.14035087719298245,513,-0.8761015109410758,0.30918144039620504
2429,-0.1111111111111111,180,-0.5776107812517585,0.33546878433547467
2430,0.125,144,0.6220917178025718,0.44112363080346245
2431,0.13291139240506328,474,0.8191747524349838,0.4584802486165838
2432,0.136986301369863,146,0.683620902298457,0.44654235465069747
2433,0.3202614379084967,612,2.0555547834044074,0.5673651950521622
2434,0.48333333333333334,60,1.986922367683767,0.5613209071129379
2435,0.050505050505050504,99,0.2325843528276814,0.40682067579835757
2436,0.4180327868852459,122,2.011650837081912,0.5634986825528565
2437,0.5529411764705883,85,2.462992034398998,0.603247190991243
2438,1.0,1,0.6931471805599453,0.44738131053177826
2439,0.4444444444444444,198,2.3525799220997743,0.5935234679996045
2440,0.2978723404255319,47,1.1531237053768184,0.4878903110104081
2441,0.07692307692307693,26,0.25352591276956377,0.40866494744253923
2442,0.63125,160,3.2076365053964424,0.6688261968851934
2443,0.42857142857142855,126,2.0760801799108246,0.5691728162068148
2444,0.6,5,1.0750556815368328,0.4810150522863706
2445,-0.14864864864864866,74,-0.6417887736337758,0.32981678649676827
2446,-0.2857142857142857,63,-1.1882523095313346,0.2816910878080339
2447,0.09774436090225563,266,0.5461220493173176,0.43443316907119095
2448,-0.4444444444444444,189,-2.3320106987379936,0.1809631014086074
2449,-0.8125,32,-2.8409123936915153,0.13614538160724346
2450,-0.5483870967741935,434,-3.3316413718873426,0.09292808824531253
2451,-0.20353982300884957,113,-0.9640049939210036,0.3014399969920557
2452,-0.6842105263157895,19,-2.049711555589573,0.2058244921708185
2453,0.2215909090909091,176,1.1469877248317006,0.4873499303052449
2454,0.29375,480,1.8141610105935675,0.5461062395821507
2455,0.36507936507936506,1071,2.547261442182654,0.6106685903367879
2456,-0.45774647887323944,284,-2.5874070191370584,0.15847097603458982
2457,0.32432432432432434,259,1.8034643127617929,0.5451642077300696
2458,-0.3230769230769231,130,-1.5750637505726797,0.24762555618873733
2459,0.16194331983805668,247,0.8928629548445316,0.46496978724655225
2460,-0.3793103448275862,116,-1.8063418373370799,0.227257464292818
2461,-0.5483870967741935,62,-2.2720416241501953,0.18624443021587048
2462,-0.6296296296296297,54,-2.523135709220445,0.16413119211890154
2463,0.36,475,2.2195504275233113,0.581807887815126
2464,-0.375,8,-0.8239592165010823,0.3137734839385738
2465,-0.6190476190476191,42,-2.3283619763817294,0.1812844354065438
2466,0.3076923076923077,13,0.8120176398816181,0.45784993932859275
2467,0.6265432098765432,324,3.6238163951016564,0.7054781354987489
2468,-0.13101604278074866,374,-0.7765223937768719,0.3179511281677108
2469,0.22924901185770752,506,1.427879992918137,0.5120874210432494
2470,0.35964912280701755,912,2.4516330798631025,0.6022468358211296
2471,-0.2632850241545894,414,-1.5871554558095315,0.24656066946778543
2472,-0.03225806451612903,93,-0.14655789620225818,0.3734305510446275
2473,-0.42487046632124353,193,-2.2381573525554037,0.1892285346216288
2474,0.40233236151603496,343,2.3498791507799677,0.5932856177164183
2475,0.25,140,1.237189972594542,0.4952938202662667
2476,0.26666666666666666,300,1.5218960705997,0.5203671856188821
2477,-0.42857142857142855,42,-1.6119429067258124,0.2443776996707259
2478,0.0984182776801406,569,0.6245266014172256,0.44133806501084005
2479,-0.4772727272727273,44,-1.816816188299471,0.22633501398229888
2480,1.0,2,1.0986122886681096,0.4830896247005512
2481,0.5142857142857142,35,1.842952596920285,0.5486418437301099
2482,0.26666666666666666,30,0.915729921196039,0.46698362469455423
2483,-0.04,25,-0.13032386152085929,0.3748602425249497
2484,-1.0,1,-0.6931471805599453,0.3252937779984929
2485,0.07560975609756097,410,0.45506436499849573,0.4264139429180245
2486,-0.8888888888888888,9,-2.046742304883596,0.2060859867727821
2487,-0.2857142857142857,7,-0.5941261547656673,0.33401431603658477
2488,0.6823529411764706,85,3.0394369786200404,0.6540132785228852
2490,0.4113842173350582,773,2.7363516892645965,0.6273213030216281
2491,-0.12173913043478261,115,-0.5786979363086009,0.33537304126524836
2492,-0.04316546762589928,139,-0.21330830601191242,0.36755200673412264
2493,0.75,28,2.5254718724898555,0.6087496365609053
2494,0.7407407407407407,27,2.4682996371668176,0.6037146185043049
2495,0.42857142857142855,98,1.9693370786291098,0.5597722139855755
2496,0.30833333333333335,360,1.8157373704859716,0.5462450657182482
2497,-0.1,170,-0.514166355650266,0.34105617875322336
2498,-0.42276422764227645,123,-2.0378426131013168,0.20686976072474964
2499,0.4807692307692308,52,1.908794189207751,0.5544403507181537
2500,-0.23529411764705882,119,-1.1264686453604813,0.2871322230539359
2501,0.7670068027210885,588,4.892296273515077,0.817190036496825
2502,0.5814220183486238,872,3.9373524390030714,0.7330904832322048
2503,1.0,9,2.302585092994046,0.5891205464440333
2504,-0.055248618784530384,181,-0.28751418160645276,0.3610168779008129
2505,-0.058823529411764705,272,-0.32996892912852704,0.35727799277319355
2506,0.3067484662576687,163,1.5643762048540488,0.5241083064935327
2507,0.1111111111111111,54,0.4452592428036079,0.4255504299380004
2509,-0.16666666666666666,18,-0.49073982986107334,0.3431192952237538
2510,0.6666666666666666,3,0.9241962407465937,0.46772923262065913
2511,0.5975609756097561,82,2.6405267046589427,0.6188822324651457
2512,0.5789473684210527,19,1.7343713162681,0.5390793575757116
2513,0.006557377049180328,305,0.03753170558657299,0.3896428692057411
2514,-0.603448275862069,116,-2.873725650308991,0.1332555988546303
2515,-0.6923076923076923,52,-2.748663632459161,0.14426950297278965
2516,-0.6,45,-2.297184837893457,0.1840301292622173
2517,0.09157509157509157,273,0.5140227203652079,0.43160626017099785
2518,0.37755102040816324,294,2.147123348822177,0.5754294132463683
2519,0.25,96,1.1436777446258457,0.48705842849480663
2520,0.1340782122905028,179,0.6962623710690785,0.447655657693029
2521,-0.25,84,-1.1106628141225792,0.28852420371085363
2522,-0.4810126582278481,79,-2.107810279969715,0.20070788050316882
2523,-0.47619047619047616,42,-1.7910476741397916,0.22860438360468038
2524,0.041353383458646614,266,0.23105163624963437,0.40668569322154363
2525,-0.49019607843137253,153,-2.4690944129478574,0.16889047607897661
2526,-0.4580152671755725,131,-2.2363978271387954,0.18938349169464885
2527,0.35377358490566035,636,2.28423454796185,0.5875044591061234
2528,0.3562300319488818,626,2.294458591950705,0.5884048654975212
2529,0.49827882960413084,1162,3.517229750695617,0.6960913120494897
2530,0.0027397260273972603,365,0.01617159817370237,0.3877617371158893
2531,-0.11538461538461539,312,-0.6630234450623254,0.32794670124534125
2532,-0.1005586592178771,358,-0.5916190111328996,0.3342351140059164
2533,0.05399568034557235,463,0.3315272436407265,0.4155343326809526
2534,-0.29411764705882354,17,-0.8501093405576955,0.31147050687176087
2535,-0.15126050420168066,119,-0.7241584148745951,0.32256269491507866
2536,-0.7297297297297297,37,-2.654454765205741,0.15256624605153554
2537,-0.7352941176470589,34,-2.6142265158010396,0.15610904896965894
2538,0.4,5,0.716703787691222,0.44945588294595895
2539,0.32142857142857145,616,2.065136471969589,0.5682090307823173
2540,0.04487179487179487,156,0.22688282459896253,0.40631855623945606
2541,0.18425760286225404,559,1.165970462833823,0.48902169332210715
2542,0.6064,625,3.9048220650350998,0.7302256132583227
2543,0.5,2,0.5493061443340548,0.4347135844828434
2544,-0.1111111111111111,18,-0.3271598865740489,0.3575253782375477
2545,0.0,12,0.0,0.3863375442651356
2546,-0.03550295857988166,169,-0.1823360391852164,0.37027965804677687
2548,-0.5238095238095238,105,-2.442753811201559,0.1712102280471298
2549,-0.44571428571428573,175,-2.304558580645576,0.18338074188577713
2550,0.36065573770491804,183,1.8807965027442244,0.551974663377255
2551,0.25925925925925924,189,1.3603395742638296,0.5061393025981104
2552,-0.4594594594594595,37,-1.6713233706850963,0.23914820835286887
2553,0.3150684931506849,219,1.6993621036452644,0.5359961823822394
2554,0.17647058823529413,136,0.8682319280873162,0.4628005933402014
2555,-0.7195121951219512,164,-3.6737900360991977,0.06279589746049233
2556,0.0,1,0.0,0.3863375442651356
2557,0.4,5,0.716703787691222,0.44945588294595895
2558,-0.17446808510638298,235,-0.9532642723661704,0.3023859059050785
2559,-0.2222222222222222,27,-0.7404898911500453,0.3211244219933848
2560,0.12280701754385964,171,0.6321484445209503,0.44200930197463895
2561,0.09923664122137404,131,0.48455286254673907,0.4290109223220744
2562,0.5555555555555556,9,1.2792139405522478,0.49899476769785656
2563,0.0,1,0.0,0.3863375442651356
2565,0.6747311827956989,372,3.9954736111037574,0.738209071815356
2566,-0.3,40,-1.1140716200112923,0.2882239985657489
2567,0.2152317880794702,302,1.229776928338109,0.4946409717030677
2568,-0.5747663551401869,214,-3.086862044204217,0.11448520120063586
2569,0.4444444444444444,9,1.023371152441798,0.47646332301131233
2570,0.45098039215686275,102,2.090171896652581,0.5704138390187155
2571,0.777992277992278,2590,6.114863069047356,0.9248584852836214
2572,0.3485714285714286,700,2.2840170349092,0.5874853032669044
2573,0.3541666666666667,48,1.3783530222475135,0.5077257026285975
2574,-0.21608040201005024,199,-1.1448625465405304,0.2855123174467897
2575,0.6666666666666666,141,3.303884705067507,0.6773025389508992
2576,-0.6666666666666666,3,-0.9241962407465937,0.30494585590961204
2577,0.21428571428571427,28,0.7215633921399587,0.4498838563496412
2578,0.5,4,0.8047189562170501,0.45720716222126306
2579,0.6551724137931034,29,2.2283706983303775,0.5825846673572719
2580,0.6196403872752421,723,4.080202688504565,0.745670953132777
2581,0.16025641025641027,624,1.0316909695090388,0.4771960288242734
2582,0.12121212121212122,66,0.5096597114413292,0.4312220207130037
2583,0.46382978723404256,235,2.5342879436076235,0.6095260462467506
2584,0.0,1,0.0,0.3863375442651356
2585,0.625,48,2.4323876863191414,0.6005519413771271
2586,0.04,25,0.13032386152085929,0.39781484600532147
2587,-0.029411764705882353,102,-0.13631555847734222,0.3743325685203369
2589,-0.109375,64,-0.4565736076448353,0.34612823032682577
2590,-0.041666666666666664,48,-0.16215917908794275,0.3720565844576695
2591,-0.5,2,-0.5493061443340548,0.33796150404742775
2592,0.0,1,0.0,0.3863375442651356
2593,0.5142857142857142,35,1.842952596920285,0.5486418437301099
2594,0.6451612903225806,62,2.6729901460590533,0.6217412078525063
2596,0.45323741007194246,139,2.23973721312508,0.5835856883407716
2597,-0.25,64,-1.0435968174739092,0.2944305409775704
2598,0.04690431519699812,533,0.29457766599250446,0.41228027431518505
2599,0.671484888304862,1522,4.920934937357986,0.8197121731379973
2600,0.22682926829268293,410,1.3651930949954874,0.5065667402238023
2602,0.0,6,0.0,0.3863375442651356
2605,0.16344916344916344,777,1.0880363816868155,0.4821582306013899
2606,-0.1111111111111111,207,-0.5930597866334797,0.334108228453516
2607,0.7205882352941176,68,3.051047334195084,0.6550357739637858
2608,-0.4,5,-0.716703787691222,0.3232192055843123
2609,0.835820895522388,67,3.5267527088039103,0.6969299755328499
2610,0.6585365853658537,41,2.461392187650023,0.6031062964254915
2611,0.6438356164383562,146,3.213018240802748,0.6693001530772767
2612,0.7573529411764706,136,3.7261620247080653,0.7144914632122932
2613,0.099644128113879,281,0.5621829109831572,0.4358476096302341
2614,-0.6818181818181818,44,-2.595451697570672,0.15776250100394035
2615,0.0582010582010582,189,0.3053823534061658,0.4132318165439666
2616,-0.20833333333333334,624,-1.3411982603617503,0.2682215143382564
2617,0.2631578947368421,1007,1.81992722332403,0.5466140557459238
2618,0.6086956521739131,46,2.3435681053887314,0.5927298194811149
2619,0.0,1,0.0,0.3863375442651356
2620,0.5833333333333334,36,2.1063687823757977,0.571840258881719
2621,0.5072463768115942,69,2.1550338184308346,0.5761260688361093
2622,0.27710843373493976,415,1.6711537468193862,0.5335119418210156
2623,0.0,4,0.0,0.3863375442651356
2624,0.7156862745098039,102,3.317011922948661,0.6784586207219035
2625,0.045454545454545456,66,0.19112239179049845,0.40316922293308616
2626,0.5142857142857142,35,1.842952596920285,0.5486418437301099
2627,0.2857142857142857,14,0.7737286288863456,0.4544779203644701
2628,0.29555555555555557,2250,2.2814317085346567,0.5872576199359224
2629,-0.14583333333333334,144,-0.7257736707696671,0.3224204433037543
2630,0.4146341463414634,41,1.5497654514833479,0.5228215734031374
2631,-0.6,5,-1.0750556815368328,0.2916600362439006
2632,0.18181818181818182,11,0.4518012090523637,0.4261265648048994
2633,0.3765432098765432,162,1.9180170509210648,0.5552525854505842
2634,0.23655913978494625,93,1.0747579054832268,0.4809888278821951
2635,0.1935483870967742,31,0.6707875940902697,0.44541215678124135
2636,-0.3076923076923077,13,-0.8120176398816181,0.3148251492016784
2637,-0.18181818181818182,33,-0.6411564590211203,0.3298724728884964
2638,-0.05555555555555555,36,-0.2006065507024569,0.36867061906355625
2639,0.19631901840490798,163,1.0012007711065911,0.4745108320913097
2640,0.4198036006546645,1222,2.984409881839214,0.6491671775382327
2641,0.13829787234042554,846,0.932362862026348,0.4684484468576511
2642,-0.4657534246575342,511,-2.9055210582375786,0.1304554555309897
2643,-0.6837349397590361,332,-3.9712299554986767,0.03660109579726811
2644,0.5756302521008403,238,3.152418095019399,0.6639632473829696
2645,0.29411764705882354,102,1.3631555847734222,0.5063873017131224
2646,0.0,39,0.0,0.3863375442651356
2647,0.17307692307692307,52,0.6871659081147903,0.4468545545882221
2648,0.6428571428571429,406,3.862808476355954,0.7265255799042507
2649,0.24615384615384617,65,1.0312996288065046,0.47716156441174157
2650,-0.09090909090909091,33,-0.32057822951056014,0.358105008576816
2651,0.18292682926829268,82,0.8083245014262069,0.4575246937141183
2652,0.0392156862745098,51,0.15495073406201676,0.39998367406008817
2653,-0.11904761904761904,42,-0.4477619185349479,0.3469042541000218
2654,0.5597014925373134,134,2.7454896147976284,0.6281260576337002
2655,-0.7021276595744681,47,-2.718077305531072,0.1469631655084218
2656,-0.1774193548387097,62,-0.7350722901662397,0.32160153677860864
2657,0.21492295214922952,1233,1.529825056109743,0.521065471858488
2658,0.0,11,0.0,0.3863375442651356
2659,0.17391304347826086,46,0.6695908872539232,0.44530676575541533
2660,0.5703703703703704,135,2.802032786679082,0.6331056756212071
2661,0.23404255319148937,94,1.0658009746299137,0.4802000130261144
2662,0.6212389380530974,565,3.937781453892597,0.7331282655176641
2663,0.05660377358490566,53,0.225791549805525,0.40622245035416704
2664,0.6226114649681529,628,4.012190002181326,0.7396812432363471
2665,0.30985915492957744,71,1.3251641495542705,0.50304148951523
2666,0.17857142857142858,28,0.6013028267832989,0.43929280433555695
2667,-0.25862068965517243,58,-1.0545355458376862,0.2934671940922043
2668,-0.3443223443223443,273,-1.9327254285731819,0.21612717245909352
2669,0.5327102803738317,107,2.494219438748416,0.6059973116375968
2670,0.7681818181818182,220,4.146770438893182,0.7515334110776197
2671,0.4948717948717949,780,3.2961307792796397,0.6766196697901805
2672,0.17135549872122763,391,1.0232085505523298,0.4764490030630912
2673,0.5714285714285714,7,1.1882523095313346,0.49098400072223725
2674,-0.15384615384615385,26,-0.5070518255391275,0.3416827379103283
2675,0.3,10,0.7193685818395111,0.44969056480819414
2676,0.11654135338345864,266,0.6511455203398787,0.44368232768774
2677,0.6739130434782609,230,3.66771628317773,0.7093442905982803
2678,0.04,25,0.13032386152085929,0.39781484600532147
2679,-0.2,5,-0.358351893845611,0.3547783749247239
2681,0.4186046511627907,43,1.5840793816402023,0.525843516781011
2682,0.7954545454545454,88,3.57050620319602,0.7007832381009284
2683,0.28521617852161785,1434,2.073213620942282,0.5689203654134293
2685,0.0,4,0.0,0.3863375442651356
2686,0.6552315608919382,583,4.173760163705631,0.7539103297166325
2687,0.48642533936651583,442,2.964066743347747,0.6473756073983962
2688,0.1316931982633864,691,0.861218989813615,0.4621829811261889
2689,0.2926829268292683,41,1.0939520834000103,0.48267921189196045
2690,0.5256410256410257,390,3.1373975635820512,0.6626404261467619
2691,-0.05,20,-0.15222612188617116,0.37293136435888513
2692,0.789179104477612,1072,5.507060472262659,0.8713308064659554
2693,0.6473214285714286,224,3.5059578496412542,0.695098623465245
2694,0.13400758533501897,791,0.8944418552873947,0.4651088371226761
2695,-0.5454545454545454,11,-1.355403627157091,0.2669704826458441
2696,0.5308641975308642,81,2.339369476942752,0.5923600566072476
2697,0.5625,48,2.1891489176872274,0.5791305016659279
2699,0.04023408924652524,1367,0.2905345869788129,0.41192421029699205
2700,0.508274231678487,1269,3.632520138492475,0.7062446527581351
2701,-0.5110864745011087,902,-3.4783127462585703,0.08001110128174778
2702,0.10632911392405063,395,0.6359984730954131,0.4423483645157713
2703,0.0,1,0.0,0.3863375442651356
2704,0.04878048780487805,41,0.18232534723333504,0.4023944888696064
2705,-0.14285714285714285,7,-0.29706307738283366,0.36017593015086014
2706,0.5089992800575954,1389,3.683657834031814,0.7107482237477716
2707,0.39274447949526814,634,2.5346255910477606,0.6095557820258093
2708,0.5957446808510638,47,2.306247410753637,0.5894430777556806
2709,0.16379310344827586,232,0.8928425053254164,0.4649679863077327
2710,0.06305578011317704,1237,0.4490361288222104,0.4258830509942515
2711,0.4375,32,1.5297220581415851,0.5210564010809237
2712,0.14814814814814814,945,1.0151470472669448,0.4757390463091544
2713,-0.3087885985748218,421,-1.866628719298531,0.22194814697232257
2714,0.21839080459770116,87,0.9778091893688039,0.4724507930573847
2715,-0.5,22,-1.5677471079645748,0.248269914896025
2716,0.6501604768454837,2181,4.998431903688811,0.8265371402326497
2717,-0.061946902654867256,565,-0.3926562703311706,0.3517572729151684
2718,0.10443864229765012,383,0.6214770289908853,0.44106949667264617
2719,-0.4117647058823529,476,-2.539565613895199,0.16268425085032606
2720,-0.517426273458445,373,-3.0653656002707903,0.11637834011231123
2721,0.5176470588235295,85,2.305779776884169,0.5894018943917043
2722,-0.05852842809364549,598,-0.3743046085853524,0.3533734585992986
2723,0.03399765533411489,853,0.22948183425541446,0.40654744462339937
2724,0.12461538461538461,650,0.8073219707982986,0.45743640330907653
2725,0.5263157894736842,95,2.402288521825177,0.5979011820380983
2726,0.8,130,3.900157858560921,0.72981484807336
2727,0.40625,32,1.4204561968457576,0.5114336255940816
2728,0.6971830985915493,426,4.2226874458424914,0.7582192350380272
2729,0.6218905472636815,201,3.301161503358958,0.6770627132785806
2730,0.34911242603550297,169,1.7929710519879614,0.5442400920789963
2731,0.8128342245989305,187,4.256359242514184,0.7611846273002367
2732,0.6418918918918919,148,3.2119925612487745,0.6692098240032889
2733,-0.36,50,-1.415457227780757,0.26168170983863176
2734,0.2918454935622318,466,1.793778495800365,0.5443112016683306
2735,-0.0457516339869281,459,-0.28051363023779075,0.3616333992305844
2736,0.3377777777777778,225,1.8309362664208613,0.5475835950767763
2737,0.0,23,0.0,0.3863375442651356
2738,0.34177215189873417,79,1.4976546726100606,0.5182323053591646
2739,0.5888888888888889,450,3.5989752110404662,0.7032904335558615
2740,-0.23529411764705882,17,-0.6800874724461563,0.3264439143504358
2741,0.08196721311475409,61,0.3382897036922206,0.4161298858943948
2742,-1.0,1,-0.6931471805599453,0.3252937779984929
2743,0.2916666666666667,24,0.9388387822532253,0.469018765213951
2744,0.47368421052631576,38,1.7353713060614113,0.5391674242157037
2745,0.62882096069869,229,3.419578255392752,0.6874913851911841
2746,0.26495726495726496,936,1.813018647430693,0.5460056344699006
2747,0.21067415730337077,356,1.2382870326782947,0.49539043564783536
2748,-0.5985401459854015,137,-2.9491591400211012,0.126612357067304
2749,0.21839080459770116,87,0.9778091893688039,0.4724507930573847
2750,0.5368421052631579,285,3.0363745510717104,0.6537435780657359
2751,-0.09259259259259259,54,-0.37104936900300656,0.35366013953774816
2752,-0.032432432432432434,185,-0.16948367590421196,0.371411534049599
2753,0.42105263157894735,57,1.7096602149669131,0.5369031117013471
2754,-0.75,12,-1.9237120180961527,0.2169209613366312
2755,-0.3225806451612903,31,-1.1179793234837827,0.2878798567382926
2756,0.15625,32,0.5463293064791376,0.4344514216993456
2757,0.6444444444444445,135,3.1659331485854563,0.6651534848882295
2758,-0.12903225806451613,31,-0.4471917293935131,0.3469544692543984
2759,0.30465116279069765,430,1.8480468832641648,0.5490904849907148
2760,0.0,7,0.0,0.3863375442651356
2761,0.7002967359050445,674,4.562232032777202,0.7881220911460218
2762,0.8495323302155348,2459,6.633077607900475,0.970496364327104
2763,0.5041322314049587,1089,3.525867037095988,0.6968519766052863
2764,0.425,280,2.3963007344668417,0.5973738523421722
2765,-0.14285714285714285,7,-0.29706307738283366,0.36017593015086014
2766,0.45454545454545453,33,1.6028911475528007,0.5275002227067336
2767,0.16,25,0.5212954460834371,0.43224675122587936
2768,0.23076923076923078,13,0.6090132299112136,0.4399718405627285
2769,0.15584415584415584,77,0.6789676093542221,0.4461325505934573
2770,0.21497326203208555,935,1.4707643965475894,0.515864144926806
2771,-0.04093567251461988,171,-0.21071614817365011,0.3677802916953012
2772,0.04878048780487805,246,0.2687506505672184,0.4100057526303208
2773,-0.07142857142857142,14,-0.1934321572215864,0.36930245024030195
2774,0.35294117647058826,68,1.494390531034327,0.5179448404440662
2775,0.14285714285714285,14,0.3868643144431728,0.42040773231480283
2776,0.38461538461538464,13,1.0150220498520226,0.47572803809445713
2777,-0.4,5,-0.716703787691222,0.3232192055843123
2778,-0.3103448275862069,29,-1.0555440149986,0.29337838069517624
2779,0.47246376811594204,345,2.7622304937229245,0.6296003856391729
2780,0.13414634146341464,82,0.5927713010458852,0.43854145386105625
2781,0.1746031746031746,63,0.7261541891580379,0.4502881565444755
2782,0.40186915887850466,107,1.8816041380031912,0.5520457898268168
2783,-0.3,10,-0.7193685818395111,0.3229845237220771
2784,0.1746031746031746,63,0.7261541891580379,0.4502881565444755
2785,0.16,25,0.5212954460834371,0.43224675122587936
2786,-0.3472222222222222,72,-1.489742861509858,0.25513955690270634
2787,-0.07407407407407407,162,-0.3773148296893898,0.35310835583521133
2788,0.7738359201773836,451,4.7309868753025475,0.8029839147996353
2789,0.0,165,0.0,0.3863375442651356
2790,-0.22950819672131148,61,-0.9472111703382178,0.3029189877032098
2791,0.6580011554015021,1731,4.906735730508603,0.818461683936865
2792,0.008960573476702509,558,0.05668592717880913,0.39132973436034135
2793,-0.1169811320754717,265,-0.6531637191405006,0.32881502304120985
2794,-0.033766233766233764,385,-0.20110619689102024,0.36862661645342365
2795,0.599271402550091,549,3.78135357656926,0.7193520473511286
2796,-0.008333333333333333,240,-0.04570664111242212,0.38231227287234704
2797,0.6344735077129443,1491,4.636651677131097,0.7946760460678554
2798,-0.6625,160,-3.3664303918022065,0.0898643048817086
2799,-0.7575757575757576,99,-3.488765292415221,0.07909057126680577
2800,0.13636363636363635,22,0.42756739308124764,0.423992352274893
2801,0.3626373626373626,91,1.639769483984817,0.5307480070339237
2802,0.09477124183006536,306,0.5427404728105513,0.43413536195073915
2803,0.23121387283236994,346,1.3524450358258633,0.5054440500273635
2804,0.7714497041420119,1352,5.562213795992701,0.8761880239473644
2805,-0.08035714285714286,448,-0.4907429106221455,0.3431190239087083
2806,-0.24120603015075376,199,-1.2779860984638478,0.2737884538632611
2807,-0.7362637362637363,91,-3.32922895233281,0.09314054409820224
2808,-0.32266666666666666,375,-1.9132807636004725,0.2178396162473931
2809,-0.2,20,-0.6089044875446846,0.3327128246401338
2810,0.5121951219512195,41,1.914416145950018,0.554935462612079
2811,1.0,2,1.0986122886681096,0.4830896247005512
2812,0.1956521739130435,46,0.7532897481606636,0.45267791844170036
2813,0.4827586206896552,29,1.641957356664489,0.5309406875961834
2814,-0.375,8,-0.8239592165010823,0.3137734839385738
2815,-0.2656826568265683,271,-1.489364386617387,0.25517288825501033
2816,-0.7567567567567568,148,-3.7867701774722398,0.0528460144685759
2817,-0.736,125,-3.5595034835162878,0.07286083287241409
2818,-0.7931034482758621,58,-3.233909007235571,0.10153513706814632
2819,0.7492163009404389,319,4.321720119105679,0.7669407988400401
2820,0.33962264150943394,53,1.3547492988331498,0.5056469807993246
2821,-0.3333333333333333,3,-0.46209812037329684,0.3456417000873738
2822,0.049429657794676805,263,0.27561725604905746,0.4106104776754981
2823,-0.25,4,-0.40235947810852507,0.35090273528707183
2824,0.7142857142857143,14,1.9343215722158644,0.5566884845134719
2825,0.0,4,0.0,0.3863375442651356
2826,0.16133333333333333,750,1.0682534451512804,0.4804159960690826
2827,-0.3597560975609756,328,-2.0851671176533957,0.2027020080806026
2828,-0.5454545454545454,121,-2.620375115309049,0.1555675569434908
2829,0.006369426751592357,157,0.03224582823584055,0.3891773549966931
2830,0.5454545454545454,11,1.355403627157091,0.5057046058844271
2831,0.25,8,0.5493061443340549,0.4347135844828434
2833,0.6666666666666666,6,1.297273432703542,0.5005852227248644
2834,0.3888888888888889,18,1.1450596030091713,0.4871801253616931
2835,-0.30357142857142855,56,-1.2273548491640598,0.2782474233790104
2836,0.26380368098159507,163,1.3453635361744818,0.504820399781557
2837,0.3333333333333333,21,1.030347484452772,0.4770777114018593
2839,0.9,10,2.1581057455185335,0.5763966058943112
2840,-0.045346062052505964,419,-0.2739017649505271,0.3622156899337742
2841,0.5195071868583162,487,3.2159133422604644,0.6695551175374369
2842,0.35714285714285715,42,1.3432857556048436,0.504637414760477
2843,0.6086956521739131,23,1.9344675489074454,0.5567013403214318
2844,0.1927710843373494,83,0.8541333588131689,0.46155896704263805
2845,-1.0,1,-0.6931471805599453,0.3252937779984929
2846,0.3132530120481928,166,1.603226977383562,0.5275297984134079
2847,0.6666666666666666,33,2.3509070164107744,0.5933761393128126
2848,0.7073170731707317,41,2.643717534883358,0.6191632410299622
2849,-0.16666666666666666,30,-0.5723312007475243,0.3359337439967489
2850,-0.2857142857142857,7,-0.5941261547656673,0.33401431603658477
2851,-0.39849624060150374,133,-1.9517707473488592,0.21444989810752368
2852,0.6280487804878049,164,3.2067828281204864,0.6687510156285107
2853,-0.07142857142857142,28,-0.24052113071331957,0.36515544023696705
2854,-0.36363636363636365,11,-0.9036024181047274,0.3067595031856079
2855,-0.6,10,-1.4387371636790223,0.25963150317901856
2856,-0.13333333333333333,90,-0.6014479342022466,0.33336950494145573
2857,0.48120300751879697,399,2.8831107595106076,0.640246013145054
2858,0.7689614935822637,3428,6.259364976281289,0.937584412615745
2859,0.8200836820083682,239,4.494582548012679,0.7821643675169819
2860,0.21875,128,1.0630839634541158,0.47996073253877936
2861,0.16666666666666666,354,0.9786862982459026,0.47252803787751185
2862,-0.15730337078651685,89,-0.7078352290407158,0.3240002377179872
2863,0.5965250965250966,518,3.7294175673711574,0.7147781708423182
2864,-0.03571428571428571,28,-0.12026056535665978,0.3757464922510513
2865,-0.05,20,-0.15222612188617116,0.37293136435888513
2866,0.5628140703517588,199,2.981967563082312,0.6489520885361761
2867,0.3464052287581699,306,1.983810004066153,0.5610468089090659
2868,-0.4603174603174603,63,-1.9144064986893725,0.217740475528694
2869,0.0,3,0.0,0.3863375442651356
2870,0.49740932642487046,193,2.620281778601448,0.6170993116526557
2871,0.6598079561042524,729,4.350143238576834,0.7694439530188747
2872,0.5619946091644205,742,3.715175539955937,0.7135239105393398
2873,-0.22727272727272727,22,-0.7126123218020795,0.32357953091553987
2874,0.43283582089552236,67,1.826354081344882,0.5471800533144876
2875,0.23024054982817868,291,1.3070189166734532,0.5014434835131921
2876,-0.20930232558139536,43,-0.7920396908201012,0.3165845580071978
2877,0.037914691943127965,211,0.20309331847097678,0.4042234729838299
2878,-0.47058823529411764,34,-1.6731049701126652,0.23899130727603055
2879,0.36585365853658536,164,1.8680288319148464,0.5508502460302084
2880,0.4027777777777778,72,1.7281017193514352,0.5385272096055534
2881,0.1984732824427481,786,1.3234651485408586,0.502891862677441
2882,-0.11016949152542373,118,-0.5265136051733041,0.33996878687591475
2883,0.44404332129963897,277,2.4989075703391634,0.6064101838486929
2884,-0.35714285714285715,42,-1.3432857556048436,0.2680376737697942
2885,0.3114754098360656,61,1.2855008740304383,0.49954844245632063
2886,-0.45454545454545453,33,-1.6028911475528007,0.24517486582353765
2887,-0.5,4,-0.8047189562170501,0.31546792630900805
2888,-0.12605042016806722,119,-0.6034653457288293,0.33319183647342143
2889,0.397212543554007,287,2.24939893636062,0.5844365725273695
2890,0.5837414299706171,1021,4.045046028770946,0.7425747926351446
2891,0.4,185,2.0902986694852808,0.5704250035900869
2892,-0.3333333333333333,12,-0.8549831191538455,0.31104128518580026
2893,0.047619047619047616,42,0.17910476741397915,0.4021108603311811
2894,-0.21875,32,-0.7648610290707926,0.31897811585724156
2895,0.0,2,0.0,0.3863375442651356
2896,0.2857142857142857,28,0.9620845228532783,0.47106596037780973
2897,0.2,20,0.6089044875446846,0.4399622638901374
2898,-0.1568627450980392,102,-0.7270163118791586,0.32231100695954257
2899,0.42735042735042733,117,2.038754113019515,0.5658856013599975
2900,-0.17391304347826086,161,-0.8847993626491102,0.3084154420028216
2901,0.15757575757575756,330,0.9142731985442644,0.46685533471579616
2902,-0.39634146341463417,164,-2.023697901241084,0.20811545068630663
2903,-0.5918367346938775,98,-2.7195607276306757,0.14683252417500425
2904,0.6470588235294118,17,1.87024054922693,0.55104502653056
2905,0.9565217391304348,69,4.0637780576124305,0.7442244763132573
2906,-0.448,250,-2.475402916731039,0.1683349016768393
2907,-0.30985915492957744,213,-1.6626967933870525,0.23990792978438
2908,0.6576470588235294,850,4.436758093967666,0.7770719101627324
2909,1.0,1,0.6931471805599453,0.44738131053177826
2911,0.2857142857142857,7,0.5941261547656673,0.4386607724936864
2912,0.5,474,3.0816574020173206,0.657731527301536
2913,0.23529411764705882,17,0.6800874724461563,0.4462311741798354
2914,-0.6363636363636364,11,-1.5813042316832728,0.2470759723759622
2915,0.49178403755868544,852,3.318932218778185,0.6786277364495122
2916,0.5200400801603207,1996,3.9519932786000083,0.7343798659424986
2917,0.7281746031746031,504,4.532565364174716,0.785509420655727
2918,0.7508486082824168,1473,5.477992525771016,0.8687708639584295
2919,0.6572890025575447,391,3.9248447386858025,0.7319889608483386
2920,0.75,100,3.461340387630945,0.6911692733953683
2921,0.6656151419558359,317,3.8353086491060484,0.7241037377989995
2922,0.6141078838174274,241,3.370799931415725,0.6831955982483204
2923,0.35294117647058826,17,1.0201312086692347,0.4761779891371853
2924,0.631578947368421,133,3.0933725052321543,0.6587632476092753
2925,0.7894736842105263,57,3.2056129030629625,0.6686479832080321
2926,0.2876404494382023,445,1.7546984850754344,0.54086952130477
2927,0.7171717171717171,99,3.302697810153076,0.6771980120368878
2928,0.2597402597402597,77,1.1316126822570367,0.4859958881456718
2929,0.37209302325581395,215,2.0001035935568985,0.5624817452348752
2930,0.8,5,1.433407575382444,0.5125742216267822
2931,0.7,10,1.6785266909588594,0.5341612588656055
2932,0.5932203389830508,118,2.8350732586254836,0.6360154686686323
2933,0.3333333333333333,9,0.7675283643313486,0.45393187832476817
2934,-0.2,5,-0.358351893845611,0.3547783749247239
2935,0.7586206896551724,145,3.7806670923304617,0.7192915903737445
2936,0.7204968944099379,161,3.6655973595463136,0.7091576822090078
2937,0.7884615384615384,104,3.6694687376242006,0.7094986249483628
2938,0.5483870967741935,31,1.9005648499224306,0.5537156130607687
2939,0.38461538461538464,52,1.527035351366201,0.52081978942755
2940,0.7009345794392523,107,3.281867682563705,0.6753635539657424
2941,0.45357142857142857,280,2.5573965821620916,0.6115611671708807
2942,0.08011049723756906,362,0.47220354197149356,0.42792334805229504
2943,0.58125,160,2.9535662871472192,0.6464508580638026
2944,0.7213578500707214,707,4.733870562636206,0.8032378740459815
2945,-0.25,28,-0.8418239574966185,0.31220018016654566
2946,0.5257731958762887,291,2.984684988821468,0.6491914055330857
2947,0.7123745819397993,897,4.844268309526316,0.8129603319113944
2948,0.6679636835278858,771,4.4412802117545525,0.7774701619467039
2949,0.673374613003096,646,4.358313681281566,0.7701635037993594
2950,-0.44508670520231214,346,-2.603456693964787,0.15705752067284687
2951,0.735632183908046,522,4.6047495827604035,0.7918665071318277
2952,0.6021505376344086,186,3.149914866062977,0.6637427941695493
2953,-0.3870967741935484,341,-2.2586364143468147,0.18742499405129115
2955,-0.5,4,-0.8047189562170501,0.31546792630900805
2956,0.11347517730496454,141,0.5623633540540438,0.4358635008073933
2959,0.656788421778084,1451,4.781877620400867,0.8074657374717086
2960,0.0,4,0.0,0.3863375442651356
2961,-0.09642857142857143,280,-0.5436984859714683,0.3384553567182449
2962,0.2,10,0.47957905455967414,0.4285728912938413
2963,0.5882352941176471,17,1.700218681115391,0.536071619051885
2964,0.16666666666666666,12,0.42749155957692275,0.4239856738048032
2965,-0.5833333333333334,72,-2.5027680073365617,0.16592492549625443
2966,0.7016317016317016,429,4.25454393430063,0.7610247575735783
2967,0.5275590551181102,127,2.559732501437908,0.611766885832501
2968,0.49306930693069306,1010,3.4113962565071234,0.6867708166862891
2969,0.6373626373626373,91,2.8820190930642235,0.640149872767854
2970,0.6530612244897959,98,3.0008945960062623,0.6506189457439011
2971,0.5646687697160884,317,3.2536504653553684,0.672878533092442
2972,0.6923076923076923,65,2.9005302060182943,0.6417801009274648
2973,0.7043478260869566,460,4.320045578110683,0.7667933261358737
2974,-0.7014925373134329,67,-2.9599531663175678,0.12566175373687538
2975,0.05405405405405406,111,0.2550539930429781,0.4087995217114147
2976,0.06463195691202872,557,0.40875569595283157,0.42233565240682425
2977,0.022222222222222223,45,0.0850809199219799,0.3938304114874659
2978,-0.08737864077669903,103,-0.4058205640026442,0.3505979259705589
2979,-0.4864864864864865,37,-1.7696365101371607,0.23049001212273554
2981,0.4666666666666667,15,1.2938747370452313,0.5002859079628685
2982,-0.6052631578947368,38,-2.21741889107847,0.19105491988385412
2983,0.691358024691358,81,3.046620714158002,0.654645932431607
2984,0.3333333333333333,9,0.7675283643313486,0.45393187832476817
2985,0.35882831570382423,1229,2.5529807377783644,0.6111722746239726
2986,-0.4239350912778905,493,-2.6294724606334197,0.15476637613052235
2987,0.5097276264591439,1799,3.82068480408108,0.7228158517588333
2988,0.5092592592592593,108,2.3891123474315084,0.596740788787525
2989,0.38823529411764707,425,2.350547040316344,0.5933444371041241
2990,0.16883116883116883,385,1.0055309844551013,0.47489218332369526
2991,0.471563981042654,422,2.851722899597652,0.6374817615721216
2992,-0.25806451612903225,31,-0.8943834587870262,0.3075713942436612
2993,0.5420792079207921,404,3.254582345783,0.6729606015082247
2994,0.3,10,0.7193685818395111,0.44969056480819414
2995,-0.436950146627566,341,-2.5495214071036014,0.1618074686449627
2996,0.3233082706766917,133,1.5835121157736027,0.5257935590722547
2997,0.7068273092369478,2241,5.453260057185745,0.8665927363199434
2998,0.3076923076923077,13,0.8120176398816181,0.45784993932859275
2999,0.75,4,1.2070784343255752,0.4926419711993269
3000,0.7304347826086957,345,4.270442235694337,0.7624248818495368
3001,-1.0,6,-1.9459101490553132,0.21496602657554237
3002,0.6857142857142857,35,2.4572701292270467,0.6027432768851013
3003,0.25,8,0.5493061443340549,0.4347135844828434
3004,-0.31746031746031744,252,-1.7566315837230222,0.23163532398521505
3005,0.3140625,640,2.029795188814148,0.5650966109543074
3006,0.7319004524886877,884,4.966374667782953,0.8237139383634435
3007,0.6610169491525424,295,3.761424046078616,0.7175969026499814
3008,0.5098039215686274,51,2.014359542806218,0.5637372315995194
3010,0.42857142857142855,35,1.5357938307669041,0.5215911271526141
3011,0.46308724832214765,149,2.32036131068887,0.5906860541868351
3012,0.1,10,0.23978952727983707,0.4074552177794884
3013,-0.03076923076923077,65,-0.12891245360081308,0.3749845417468098
3014,-0.04081632653061224,49,-0.15967440838482228,0.3722754120981498
3015,0.2986111111111111,144,1.4861079925283658,0.5172154176622497
3016,0.14988814317673377,447,0.9150361220845726,0.4669225235143371
3017,-0.2980769230769231,104,-1.3872381812969539,0.2641668918117204
3018,0.34274193548387094,248,1.8910624846754036,0.5528787631400185
3019,0.6658653846153846,416,4.0172232774958365,0.7401245114057515
3020,0.34541984732824427,524,2.163502071620389,0.576871847053042
3021,-0.05555555555555555,36,-0.2006065507024569,0.36867061906355625
3022,0.8252427184466019,206,4.400787353665596,0.7739040555929945
3024,-0.4161490683229814,161,-2.1171984749103707,0.19988108528031284
3025,0.2857142857142857,14,0.7737286288863456,0.4544779203644701
3026,-0.75,8,-1.6479184330021646,0.24120942361201203
3027,-1.0,7,-2.0794415416798357,0.20320624546520763
3028,0.5035971223021583,139,2.488596903472311,0.6055021487936201
3029,0.21578947368421053,190,1.1333853186837464,0.4861519998730835
3030,0.8651162790697674,215,4.650240855019789,0.7958728115197802
3031,-0.4716981132075472,53,-1.881596248379375,0.22062999352320645
3032,0.38839285714285715,224,2.1035747097847524,0.5715941917852012
3033,0.21579532814238042,899,1.4679250101055799,0.5156140871509571
3034,0.5539358600583091,343,3.2353408597695212,0.6712660511908147
3035,0.7838479809976246,421,4.73836521052704,0.8036337066238148
3036,0.1896551724137931,174,0.9795283743648044,0.4726021974488448
3037,0.7258883248730964,591,4.6337129380122475,0.794417238546277
3038,0.8108108108108109,74,3.500666038002414,0.6946325866380484
3039,0.636471990464839,839,4.285621704697437,0.7637617003259943
3040,0.24126984126984127,315,1.3886870102622393,0.5086357915197671
3041,-0.7808219178082192,73,-3.360708360447091,0.09036823010049098
3042,-0.8307692307692308,65,-3.4806362472219536,0.07980647627034038
3043,-0.725,40,-2.6923397483606233,0.14922980882495096
3044,0.6380789022298456,583,4.06449942643585,0.7442880054901535
3045,0.0847457627118644,118,0.40501046551792624,0.42200581917992086
3046,0.38823529411764707,85,1.7293348326631264,0.5386358068600621
3047,0.4444444444444444,18,1.3086395462961955,0.501586208375487
3048,-0.4507042253521127,71,-1.9275114902607573,0.21658635117408911
3049,0.1891891891891892,37,0.6881919761644514,0.44694491787606894
3050,0.1875,16,0.5312275020105406,0.43312144294729926
3051,-0.006211180124223602,161,-0.03159997723746822,0.3835546120414815
3052,0.48230535894843274,989,3.3268000585160356,0.6793206377314488
3053,0.04105571847507331,341,0.2395523469761773,0.4074343298938767
3054,-0.5220588235294118,136,-2.5685194539249774,0.16013435741806575
3055,0.34146341463414637,82,1.508872402662253,0.51922022323657
3056,0.6666666666666666,6,1.297273432703542,0.5005852227248644
3057,1.0,2,1.0986122886681096,0.4830896247005512
3058,-0.4166666666666667,12,-1.068728898942307,0.2922172204159665
3060,0.6254480286738351,558,3.9566777170808773,0.734792412910497
3061,0.6690909090909091,275,3.76055912469802,0.7175207311526762
3062,0.6960227272727273,352,4.08319509644505,0.7459344871353908
3063,-0.18705035971223022,139,-0.924335992718287,0.30493354829741276
3064,-0.2833333333333333,60,-1.1647475948491048,0.28376109018194107
3065,1.0,1,0.6931471805599453,0.44738131053177826
3066,0.5051546391752577,194,2.663680189377563,0.6209213028805805
3067,0.6373937677053825,353,3.7410532732439075,0.7158028988215475
3068,0.662269129287599,379,3.933992043358386,0.7327945414581477
3069,0.6181818181818182,55,2.4883992269999107,0.6054847399132033
3070,0.2733224222585925,611,1.753836810441176,0.540793635740424
3071,0.6116207951070336,327,3.543127589225776,0.6983720709508953
3072,0.5570264765784114,982,3.838251719674644,0.7243629267806966
3073,0.12121212121212122,33,0.4274376393474135,0.42398092518289504
3074,0.5405405405405406,222,2.922795552140605,0.643740955162547
3075,0.7101449275362319,69,3.0170473458031686,0.6520414786644988
3076,0.5376344086021505,93,2.4426316033709696,0.6014540979402707
3077,0.7954545454545454,88,3.57050620319602,0.7007832381009284
3078,0.4967741935483871,155,2.508638145536867,0.6072671316581448
3079,0.6689655172413793,145,3.33386098141868,0.6799424758336361
3081,0.4343339587242026,1066,3.0284396757530128,0.6530447731251774
3082,0.3074245939675174,862,2.0783177414583625,0.5693698727453768
3083,0.7106598984771574,394,4.248954350691153,0.7605324967017831
3084,0.5,2,0.5493061443340548,0.4347135844828434
3085,0.0,2,0.0,0.3863375442651356
3086,0.4444444444444444,81,1.9585418876730014,0.5588215080864386
3087,0.37209302325581395,516,2.3248531626077877,0.5910816405303029
3088,0.7303370786516854,356,4.292728379951422,0.7643875677251616
3089,0.8412698412698413,252,4.655073696866009,0.7962984280069251
3090,0.807909604519774,177,4.186412698823549,0.7550246073449346
3091,0.8226950354609929,141,4.077134316891818,0.7454007291965034
3092,0.55,20,1.6744873407478829,0.5338055232338904
3093,0.4326923076923077,208,2.3115869359463126,0.5899133165981343
3094,0.5841584158415841,101,2.701716791918534,0.6242710928533428
3095,0.727447216890595,521,4.552122871031709,0.7872318021510568
3096,0.6989247311827957,93,3.175421084382261,0.6659890640428113
3097,0.7524271844660194,206,4.01248258716569,0.7397070104758305
3098,0.6094890510948905,548,3.8447169333288014,0.7249323022354874
3099,0.19413919413919414,273,1.0897281671742407,0.48230722198556353
3100,0.5473515248796148,623,3.522836718481501,0.6965851039029163
3101,0.5211970074812967,802,3.4859504618824766,0.6933366220661102
3102,0.5327868852459017,244,2.9309982269295682,0.6444633445433626
3103,0.058823529411764705,68,0.24906508850572115,0.40827209362829064
3104,0.6287581699346405,765,4.175697547248659,0.7540809503171142
3105,0.5852941176470589,680,3.818202643893391,0.7225972540200222
3106,0.2,25,0.6516193076042964,0.44372405296606526
3107,0.36018411967779057,869,2.437903768982763,0.6010377292015161
3108,0.4486772486772487,945,3.074445343151319,0.6570963790270211
3109,0.15625,64,0.6522480109211932,0.4437794213198638
3110,0.36363636363636365,33,1.2823129180422406,0.49926768701841395
3111,0.5492957746478874,213,2.9475079519134115,0.6459173153901114
3112,0.24285714285714285,70,1.035222255852891,0.47750702052162197
3113,-0.24645390070921985,564,-1.5617354195555946,0.24879934949865765
3114,0.7779179810725552,1585,5.732454577858788,0.8911807106216271
3115,0.16363636363636364,110,0.7706503965783819,0.45420682802103735
3116,-0.18181818181818182,11,-0.4518012090523637,0.34654852372537176
3117,0.2191780821917808,73,0.9433567327570781,0.4694166499955621
3118,0.42424242424242425,66,1.783808990044652,0.5434332118326739
3119,-0.6666666666666666,3,-0.9241962407465937,0.30494585590961204
3120,0.038461538461538464,130,0.18750758935389045,0.4028508761789925
3121,0.3888888888888889,18,1.1450596030091713,0.4871801253616931
3122,0.3448275862068966,29,1.1728266833317778,0.4896255037873126
3123,-1.0,3,-1.3862943611198906,0.26425001173185025
3124,0.38235294117647056,34,1.3593977882165404,0.5060563618187834
3125,0.39,200,2.0682889141430394,0.5684866586059634
3126,1.0,3,1.3862943611198906,0.508425076798421
3127,0.25,56,1.0107628169586376,0.4753529379360622
3128,0.3137254901960784,51,1.239605872496134,0.49550658262475633
3129,0.5277777777777778,288,2.990614085392673,0.6497135664758348
3130,-0.4491525423728814,118,-2.146555467245009,0.1972956872167737
3131,0.5,2,0.5493061443340548,0.4347135844828434
3132,0.5263157894736842,38,1.9281903400682348,0.556148521987989
3133,0.5952380952380952,42,2.2388095926747393,0.5835039950907046
3134,0.793939393939394,165,4.058608486513377,0.7437692049095498
3135,0.6717948717948717,195,3.545810360816399,0.6986083360422319
3136,0.3333333333333333,3,0.46209812037329684,0.4270333884428974
3137,0.6875,16,1.9478341740386487,0.5578785060997357
3138,0.13636363636363635,66,0.5733671753714953,0.4368325802689872
3139,0.17647058823529413,17,0.5100656043346173,0.4312577667011604
3140,0.4444444444444444,9,1.023371152441798,0.47646332301131233
3141,0.04838709677419355,62,0.200474260954429,0.40399281903418843
3142,0.2846153846153846,130,1.3875561612187892,0.5085362004276769
3143,0.48484848484848486,33,1.709750557389654,0.5369110679361734
3144,0.22448979591836735,49,0.8782092461165225,0.4636792711835576
3145,0.26640926640926643,259,1.48141711405433,0.5168023035399028
3146,-0.07142857142857142,308,-0.40952437692126753,0.3502717402823805
3147,0.7446808510638298,1222,5.29398244146917,0.8525655487066917
3148,0.6891701828410689,711,4.526523455122177,0.7849773245953932
3149,-0.2222222222222222,9,-0.511685576220899,0.3412746548920472
3150,0.48333333333333334,60,1.986922367683767,0.5613209071129379
3151,-1.0,1,-0.6931471805599453,0.3252937779984929
3152,0.6694915254237288,354,3.9313330963437108,0.7325603745385794
3153,0.47674418604651164,258,2.649185471275361,0.619644788730704
3154,0.375,8,0.8239592165010823,0.4589016045916974
3155,0.3213213213213213,333,1.8672435022477682,0.5507810839792272
3156,-0.020887728459530026,383,-0.12429540579817706,0.3753911537836334
3157,0.15384615384615385,520,0.9624230833466719,0.47109577656722157
3158,0.5227272727272727,44,1.9898463014708487,0.5615784107653853
3159,0.5496688741721855,453,3.3629275989233904,0.6825023013005536
3160,0.5750224618149147,1113,4.0341922274140405,0.7416189250622574
3161,0.2631578947368421,19,0.7883505983036818,0.45576564122448826
3162,-0.3333333333333333,21,-1.030347484452772,0.2955973771284119
3163,0.48026315789473684,304,2.747254997975928,0.6282815305853756
3164,1.0,1,0.6931471805599453,0.44738131053177826
3165,-0.2459016393442623,61,-1.014869111076662,0.29696051937735796
3166,-1.0,6,-1.9459101490553132,0.21496602657554237
3167,0.4819277108433735,166,2.466503042128557,0.6035563968009391
3168,0.5505154639175258,485,3.4056035104771794,0.6862606638001326
3169,0.4150197628458498,253,2.2981031542962307,0.5887258331335501
3171,0.72,25,2.345829507375467,0.5929289755884826
3172,1.0,1,0.6931471805599453,0.44738131053177826
3173,0.12008281573498965,483,0.742362162711314,0.4517155528853837
3174,0.37757437070938216,874,2.5577733209359415,0.6115943456274906
3175,0.5723379629629629,1728,4.266950348576837,0.7621173599450863
3176,0.391435011269722,1331,2.816154469889763,0.6343493375062748
3177,-0.24404761904761904,168,-1.2519395673324167,0.2760823077561089
3178,0.6227897838899804,509,3.8827273085515204,0.7282797824328804
3179,0.3288888888888889,225,1.7827537330939964,0.5433402779501542
3180,-0.4857142857142857,70,-2.070444511705782,0.2039985917521628
3181,0.48466257668711654,163,2.471714403669397,0.6040153485860029
3182,0.6693548387096774,124,3.231855162871702,0.6709590744437767
3183,0.5333333333333333,45,2.0419420781275175,0.5661663576010629
3184,0.0,5,0.0,0.3863375442651356
3185,0.31155778894472363,398,1.8659075771214653,0.550663432341239
3186,0.382830626450116,431,2.3231791695134065,0.5909342160783952
3187,0.0,3,0.0,0.3863375442651356
3188,0.5370370370370371,54,2.1520863402174384,0.5758664916839823
3189,0.49666666666666665,300,2.8345314314919414,0.6359677512864883
3190,-0.5590062111801242,161,-2.8439979513721396,0.13587364413626923
3192,0.7916666666666666,24,2.5482766946873254,0.610758001126206
3194,0.25,220,1.3495406753794381,0.5051882701508552
3196,0.8248730964467005,394,4.931822014195088,0.8206709712005302
3197,0.28286852589641437,251,1.564101455033112,0.5240841099529978
3198,0.7538461538461538,325,4.362430333645672,0.7705260472414497
3199,0.3055555555555556,72,1.3109737181286751,0.5017917731440733
3200,0.627906976744186,172,3.2357877453823267,0.6713054073068909
3201,0.6545961002785515,359,3.8530207448211327,0.725663598476858
3202,-1.0,1,-0.6931471805599453,0.3252937779984929
3203,0.5412474849094567,497,3.3614716714680717,0.6823740813527904
3204,0.5147058823529411,204,2.7397845480859453,0.6276236264493127
3205,-0.5,4,-0.8047189562170501,0.31546792630900805
3206,0.20300751879699247,133,0.9942983052531924,0.47390294891146617
3207,0.2,5,0.358351893845611,0.41789671360554725
3208,-0.125,264,-0.6974662282482778,0.32491341009831903
3209,-1.0,1,-0.6931471805599453,0.3252937779984929
3210,0.5880361173814899,886,3.991498008784753,0.7378589503035952
3211,0.48484848484848486,66,2.0386388457653166,0.5658754500566079
3212,-0.5,2,-0.5493061443340548,0.33796150404742775
3213,0.4482758620689655,232,2.443568961943245,0.6015366488027698
3214,0.29896907216494845,97,1.370763473004604,0.5070573097056412
3215,0.18181818181818182,11,0.4518012090523637,0.4261265648048994
3216,0.3333333333333333,3,0.46209812037329684,0.4270333884428974
3217,0.2857142857142857,91,1.291939593442583,0.5001154846284231
3218,0.1875,32,0.6555951677749651,0.4440741971861876
3219,0.2550335570469799,447,1.556927133099124,0.5234522850772099
3220,-1.0,1,-0.6931471805599453,0.3252937779984929
3221,0.27586206896551724,29,0.9382613466654222,0.46896791188287723
3222,0.8,30,2.7471897635881173,0.6282757855533916
3223,0.3793103448275862,29,1.2901093516649556,0.4999542997395304
3224,0.6883116883116883,77,2.9987736079811476,0.6504321555485565
3225,-0.16393442622950818,122,-0.788882681208593,0.3168625880738725
3228,-1.0,2,-1.0986122886681096,0.2895854638297199
3229,1.0,1,0.6931471805599453,0.44738131053177826
3230,0.5384615384615384,78,2.3527796128668577,0.5935410542739966
3232,0.6,5,1.0750556815368328,0.4810150522863706
3233,1.0,2,1.0986122886681096,0.4830896247005512
3235,-0.04225352112676056,71,-0.180704202211946,0.37042336991284996
3236,0.0,2,0.0,0.3863375442651356
3237,-1.0,1,-0.6931471805599453,0.3252937779984929
3238,-0.50187265917603,267,-2.805963503327546,0.13922324436783814
3239,-0.43243243243243246,37,-1.5730102312330316,0.2478064045830022
3240,0.12121212121212122,33,0.4274376393474135,0.42398092518289504
3241,0.49122807017543857,57,1.9946035841280654,0.5619973729407156
3242,0.6666666666666666,3,0.9241962407465937,0.46772923262065913
3243,-0.31399317406143346,293,-1.7846052511780162,0.229171751939284
3244,0.5496894409937888,322,3.175914475808727,0.6660325158114397
3245,1.0,5,1.791759469228055,0.5441333909671939
3246,0.6547368421052632,475,4.036726216138888,0.7418420872127791
3247,0.15465465465465467,666,1.0056867488428067,0.47490590110996417
3248,-0.30198019801980197,202,-1.6044829936710348,0.24503467585364488
3249,0.11176470588235295,340,0.6517986298140401,0.44373984543174216
3250,0.33060109289617484,366,1.952319080914216,0.5582734808103283
3251,0.32608695652173914,276,1.8339187520176103,0.5478462552429975
3252,0.5423423423423424,555,3.4280202821070724,0.6882348537069897
3253,0.4705357142857143,1120,3.304090691927704,0.6773206797067163
3254,-0.06004618937644342,433,-0.3646631821861675,0.35422255529347174
3255,0.5332120109190173,1099,3.734118615877039,0.71519218061434
3256,0.5979087452471483,1052,4.161085232064896,0.7527940796816867
3257,-0.06549520766773163,626,-0.4218511312555108,0.34918615336590775
3258,-0.14749262536873156,339,-0.859726492272892,0.31062354798926345
3259,0.2853598014888337,403,1.712562558227127,0.5371587139292302
3260,0.53125,480,3.2809294872436854,0.6752809294129288
3261,0.40326340326340326,429,2.4453026599136507,0.6016893313161674
3262,0.0,163,0.0,0.3863375442651356
3263,0.1724137931034483,667,1.1214289954373526,0.4850990359108386
3264,0.111328125,512,0.6947182093256521,0.4475196671686681
3265,0.72782874617737,327,4.216321831178674,0.7576586310211896
3266,0.4805194805194805,154,2.4234640172209367,0.5997660558019573
3267,0.515527950310559,483,3.1870375606054684,0.6670120985141318
3268,-0.6759776536312849,179,-3.510322787473271,0.07719205573283958
3269,0.1761006289308176,477,1.0864723302500676,0.48202048844068934
3270,0.26,200,1.3788592760953597,0.5077702871590208
3271,0.649390243902439,328,3.763903356442147,0.7178152494117928
3272,0.18128654970760233,171,0.9331715133404505,0.4685196627886881
3273,-0.13344887348353554,577,-0.8486779686096588,0.3115965642764321
3274,0.09817351598173515,438,0.5973367003703935,0.43894351734352477
3275,0.4782608695652174,92,2.16776497498634,0.5772472704609223
3276,-0.17391304347826086,46,-0.6695908872539232,0.32736832277485584
3277,1.0,1,0.6931471805599453,0.44738131053177826
3280,1.0,1,0.6931471805599453,0.44738131053177826
3281,0.7346938775510204,49,2.8741393509268014,0.6394559232708805
3282,0.6,10,1.4387371636790223,0.5130435853512526
3283,0.4666666666666667,15,1.2938747370452313,0.5002859079628685
3284,0.5111111111111111,45,1.9568611582055373,0.5586734903787327
3285,-0.19148936170212766,423,-1.1584595978103749,0.2843148586055643
3286,-0.48360655737704916,122,-2.327203909565349,0.1813864235009095
3287,-0.14728682170542637,129,-0.7169236787492719,0.32319984032001026
3288,0.25,4,0.40235947810852507,0.42177235324319934
3289,0.5961538461538461,52,2.366904794617611,0.594785024266878
3290,0.0,1,0.0,0.3863375442651356
3291,-1.0,1,-0.6931471805599453,0.3252937779984929
3292,0.6666666666666666,6,1.297273432703542,0.5005852227248644
3293,0.2,5,0.358351893845611,0.41789671360554725
3294,0.0,2,0.0,0.3863375442651356
3295,0.5,2,0.5493061443340548,0.4347135844828434
3296,0.6009852216748769,203,3.196111523394061,0.6678112200847218
3297,-1.0,1,-0.6931471805599453,0.3252937779984929
3298,0.3898305084745763,590,2.4878265830566146,0.6054343085704683
3299,-0.48295454545454547,176,-2.4998450412998605,0.16618234392130748
3300,0.26199261992619927,542,1.6497961686911786,0.5316310324790391
3301,0.32558139534883723,602,2.084345133818154,0.5699006903563079
3302,0.24528301886792453,53,0.9784300491572749,0.47250547065093873
3303,0.5,6,0.9729550745276566,0.4720233031099322
3304,0.4642857142857143,56,1.877130945780327,0.5516518467968565
3305,1.0,2,1.0986122886681096,0.4830896247005512
3306,0.75,24,2.4141568686511503,0.5989463981335181
3307,0.8450184501845018,271,4.737006174102522,0.8035140196306727
3308,0.17006802721088435,294,0.9671726796496293,0.47151406182424943
3309,0.4166666666666667,24,1.3411982603617503,0.5044535741920148
3310,0.5806451612903226,62,2.405691131453148,0.5982008414937692
3311,0.6666666666666666,33,2.3509070164107744,0.5933761393128126
3312,-1.0,1,-0.6931471805599453,0.3252937779984929
3313,-0.55,20,-1.6744873407478829,0.23886956529638068
3314,0.25,4,0.40235947810852507,0.42177235324319934
3315,-1.0,1,-0.6931471805599453,0.3252937779984929
3316,-0.1314878892733564,289,-0.7455206749939783,0.3206813732416623
3317,0.6854838709677419,496,4.255888324340431,0.7611431546956651
3318,0.3333333333333333,48,1.297273432703542,0.5005852227248644
3319,0.07142857142857142,28,0.24052113071331957,0.4075196482933041
3320,0.4666666666666667,45,1.7866993183615778,0.543687755934072
3321,-1.0,1,-0.6931471805599453,0.3252937779984929
3322,0.0,4,0.0,0.3863375442651356
3323,0.0,1,0.0,0.3863375442651356
3324,-0.12631578947368421,190,-0.6634450645953638,0.32790957025072703
3325,-0.40625,160,-2.064320523274938,0.204537916341336
3326,-0.08888888888888889,180,-0.4620886250014068,0.34564253632140685
3327,0.417910447761194,134,2.0499655790488958,0.5668729675803306
3328,0.5796178343949044,314,3.3342936951154942,0.6799805838639499
3329,0.6666666666666666,27,2.2214696734501356,0.5819769110803878
3330,0.5740740740740741,108,2.693181191650064,0.62351938354492
3331,-0.45714285714285713,35,-1.6381800861513645,0.24206705585182509
3333,0.375,16,1.0624550040210812,0.4799053416294629
3334,0.7744034707158352,461,4.751402746455923,0.8047818903260017
3335,-0.08333333333333333,12,-0.21374577978846138,0.3675134794953017
3336,0.0,2,0.0,0.3863375442651356
3337,0.5,2,0.5493061443340548,0.4347135844828434
3338,0.8888888888888888,27,2.961959564600181,0.6471900333521386
3339,0.5813953488372093,43,2.200110252278059,0.5800958394260738
3340,0.0,71,0.0,0.3863375442651356
3341,0.7401129943502824,177,3.8351053394817125,0.7240858328207557
3342,0.5919282511210763,223,3.203306183160831,0.6684448360633888
3343,-0.425,40,-1.578268128349331,0.24734335452433773
3344,-0.15,20,-0.45667836565851344,0.3461190045463843
3345,0.17391304347826086,23,0.5527050139735558,0.4350129145669345
3346,0.0,5,0.0,0.3863375442651356
3347,0.7547169811320755,212,4.046258238271265,0.7426815489424327
3349,0.28,25,0.9122670306460151,0.4666786564464372
3350,0.7202797202797203,143,3.5796557332610357,0.701589014695572
3351,0.2,15,0.5545177444479562,0.4351725572784497
3352,-0.3333333333333333,3,-0.46209812037329684,0.3456417000873738
3353,1.0,2,1.0986122886681096,0.4830896247005512
3354,-0.23203026481715006,793,-1.549285443719386,0.24989578822954436
3355,-0.06375838926174497,298,-0.36345110031685585,0.35432930036061105
3357,0.5339805825242718,103,2.4800145577939365,0.6047463227319934
3358,0.484304932735426,446,2.9554992296783205,0.646621087555294
3359,0.7615384615384615,520,4.763994262566025,0.805890794160461
3360,0.6627118644067796,590,4.229305191196245,0.7588020435842012
3361,0.6009132420091324,1095,4.20604564714177,0.7567536327840836
3362,0.7058823529411765,765,4.687893296287476,0.7991887693546751
3363,0.7111111111111111,990,4.905752557745769,0.8183750983313581
3364,0.6887417218543046,151,3.460156120317965,0.6910649778877498
3365,0.710204081632653,245,3.9099089275601266,0.7306736007214721
3366,0.6490566037735849,265,3.624005151360197,0.705494758797885
3367,0.2558139534883721,43,0.9680485110023459,0.4715911941359484
3368,0.49206349206349204,63,2.046434533081743,0.5665619970523662
3370,0.38372093023255816,86,1.7136624176232707,0.5372555758393517
3371,0.5208333333333334,48,2.0269897385992848,0.5648495418584619
3372,0.44642857142857145,56,1.804933601711853,0.5452936043917903
3373,-0.3333333333333333,3,-0.46209812037329684,0.3456417000873738
3374,-0.3333333333333333,15,-0.9241962407465937,0.30494585590961204
3375,0.2923076923076923,65,1.2246683092077244,0.4941910681892302
3376,-1.0,1,-0.6931471805599453,0.3252937779984929
3377,0.5,2,0.5493061443340548,0.4347135844828434
3378,0.25,4,0.40235947810852507,0.42177235324319934
3379,0.6842105263157895,95,3.12297507837273,0.661370273369987
3380,0.3333333333333333,3,0.46209812037329684,0.4270333884428974
3381,0.5,2,0.5493061443340548,0.4347135844828434
3382,1.0,1,0.6931471805599453,0.44738131053177826
3384,0.6340579710144928,276,3.5659531289231317,0.7003822600554225
3385,-0.3120567375886525,141,-1.5464992236486204,0.2501411637739271
3386,0.5317460317460317,756,3.525137603018326,0.6967877371412986
3387,-0.17341040462427745,173,-0.8946338669158143,0.30754934141604573
3388,-0.20134228187919462,298,-1.1477403167900708,0.28525887930347915
3389,-0.13157894736842105,38,-0.4820475850170587,0.3438847998344223
3390,-0.7575757575757576,33,-2.6714852459213345,0.151066413529139
3391,-0.4791666666666667,96,-2.192049010532871,0.1932891828249327
3392,-0.6624203821656051,157,-3.353566136527417,0.09099722818315562
3393,-0.5490196078431373,51,-2.169310276868235,0.19529172713579923
3394,-0.21428571428571427,210,-1.1468267428877286,0.2853393355086344
3395,-0.12727272727272726,55,-0.5123174879117462,0.3412190039846511
3396,0.6021505376344086,744,3.982252862680165,0.7370447530396699
3397,0.5558659217877095,358,3.270338422651306,0.6743482004202641
3398,0.41348973607038125,341,2.4126343516886433,0.5988123138117422
3399,0.11494252873563218,87,0.5146364154572651,0.431660306787372
3400,-0.2413793103448276,29,-0.8209786783322445,0.3140359725996117
3401,-0.5929203539823009,113,-2.808188460552489,0.13902729786094625
3402,0.30434782608695654,23,0.9672337744537227,0.4715194422932837
3403,-0.1875,32,-0.6555951677749651,0.32860089134408355
3404,0.3378995433789954,219,1.8225042850688342,0.546841011231305
3405,0.6388888888888888,144,3.1795798909909223,0.6663553199054727
3406,0.638095238095238,105,2.9757182791000805,0.6484017294761608
3407,-0.6666666666666666,3,-0.9241962407465937,0.30494585590961204
3408,0.6463878326996197,1315,4.642585015287052,0.7951985805565343
3409,0.22875816993464052,459,1.4025681511889538,0.5098582694378915
3410,0.8888888888888888,9,2.046742304883596,0.566589101757489
3412,0.28,175,1.4477355186106826,0.5138360483239633
3413,0.5,2,0.5493061443340548,0.4347135844828434
3414,0.16,50,0.6290921012358921,0.4417401373435818
3415,0.4782608695652174,23,1.5199387884272784,0.5201948125950826
3416,0.5882352941176471,51,2.3242610109302517,0.5910294911894246
3417,0.4246575342465753,73,1.8277536697168388,0.5473033116178371
3418,0.507410021171489,1417,3.682275897247142,0.7106265199762716
3419,0.15384615384615385,13,0.40600881994080906,0.4220937417968642
3420,0.5326633165829145,199,2.822219300774331,0.6348834522359417
3421,0.6810273405136703,1207,4.833061286762795,0.8119733569985502
3422,0.3,210,1.6055574400428199,0.5277350365242373
3423,-0.02702702702702703,74,-0.11668886793341379,0.37606104285270514
3424,0.5953905249679897,781,3.966405191233764,0.7356490876185638
3425,0.21518987341772153,79,0.9429677568285567,0.46938239384285757
3426,0.19069767441860466,215,1.0250530916979106,0.4766114472621271
3427,0.3108108108108108,74,1.3419219812342584,0.5045173105080855
3428,-0.03389830508474576,59,-0.1387913410922746,0.3741145324386625
3429,0.8248175182481752,274,4.63281119734542,0.7943378244650505
3430,0.2681818181818182,220,1.4476890881343063,0.5138319593061803
3431,-0.18823529411764706,85,-0.8384653734124249,0.3124959624009288
3432,-0.4583333333333333,72,-1.9664605771930124,0.21315620094672902
3433,-0.4375,48,-1.702671380423399,0.23638746628674154
3434,-0.3157894736842105,38,-1.1569142040409408,0.28445095763142353
3435,0.8802177858439202,551,5.5572972821132325,0.875755038670179
3436,-0.15625,128,-0.7593456881815113,0.31946383835539
3437,-0.5,12,-1.2824746787307684,0.2733931556461327
3438,-0.19850187265917604,534,-1.2470417138033272,0.27651364966216196
3439,-0.549800796812749,251,-3.040084518233372,0.118604782787319
3440,-0.648936170212766,188,-3.401559233177002,0.08677059427847326
3441,0.2505263157894737,475,1.5445994203232403,0.5223666137531406
3442,-0.46153846153846156,39,-1.702559748052586,0.23639729747489727
3443,0.6,5,1.0750556815368328,0.4810150522863706
3444,0.1981981981981982,222,1.071691702451555,0.4807187949275198
3445,0.17985611510791366,139,0.8887846083829682,0.4646106173110229
3446,0.3076923076923077,39,1.1350398320350574,0.48629770879196116
3447,0.5138888888888888,72,2.2048194350345898,0.5805105655615309
3448,0.5767097966728281,1082,4.02975407960131,0.7412280683072484
3449,-0.029411764705882353,34,-0.10456906063204158,0.3771284044533165
3450,0.3263288009888752,809,2.1854351562224377,0.5788034398337734
3451,0.6542857142857142,350,3.8346287004962374,0.7240438563983753
3452,0.1148036253776435,331,0.6664505402381466,0.445030203122538
3453,-0.3595505617977528,89,-1.6179090949502075,0.24385227215736782
3454,-0.23255813953488372,43,-0.8800441009112234,0.30883422620076034
3456,0.6307692307692307,65,2.642705298816668,0.6190740958908134
3457,0.07092198581560284,141,0.3514770962837774,0.4172912671040466
3458,0.0,1,0.0,0.3863375442651356
3459,-0.08064516129032258,62,-0.33412376825738166,0.3569120863167143
3460,-1.0,1,-0.6931471805599453,0.3252937779984929
3461,0.49575070821529743,353,2.9097081014119275,0.6425883755867892
3462,0.7573770491803279,305,4.33491199524918,0.768102574905077
3463,-0.9,10,-2.1581057455185335,0.19627848263595998
3464,-0.35,20,-1.065582853203198,0.29249428492138246
3465,-0.2777777777777778,18,-0.8178997164351224,0.31430712919616594
3466,0.4383561643835616,219,2.364329883332542,0.5945582581671931
3467,0.7168458781362007,279,4.039275701196594,0.7420666140871973
3468,0.8355555555555556,450,5.106470488117794,0.8360518324663166
3469,0.8246268656716418,268,4.613549309298532,0.7926414773907703
3470,0.8695652173913043,92,3.941390863611527,0.7334461373483839
3471,0.6802205375603032,1451,4.9524797600584005,0.8224902480373155
3472,-0.75,4,-1.2070784343255752,0.2800331173309443
3473,0.3333333333333333,24,1.0729586082894,0.48083036820663894
3474,0.25,16,0.708303336014054,0.44871607584135376
3475,0.6865671641791045,134,3.3678005941517575,0.6829314539972415
3476,0.424287856071964,667,2.7596904844240937,0.6293766932715178
3477,0.07011070110701106,271,0.3930267131351437,0.42095043960114087
3478,0.29699248120300753,266,1.6593708421564652,0.5324742504066114
3479,0.496309963099631,542,3.125318094210754,0.6615766170083753
3480,0.4967741935483871,155,2.508638145536867,0.6072671316581448
3481,0.6533139111434815,1373,4.720507560878164,0.8020610273692342
3482,0.0,3,0.0,0.3863375442651356
3483,0.07142857142857142,168,0.3664213367802195,0.41860736958485073
3484,-0.12582781456953643,302,-0.71894651195151,0.3230216943783445
3485,-1.0,2,-1.0986122886681096,0.2895854638297199
3486,0.2,10,0.47957905455967414,0.4285728912938413
3487,0.5588235294117647,68,2.366118340804351,0.5947157632151091
3488,-0.5,22,-1.5677471079645748,0.248269914896025
3489,0.012465373961218837,722,0.08206465789394582,0.39356477671406964
3490,-0.35294117647058826,17,-1.0201312086692347,0.2964970993930859
3491,-0.045454545454545456,66,-0.19112239179049845,0.369505865597185
3492,0.5,14,1.354025100551105,0.5055832024389709
3493,-1.0,2,-1.0986122886681096,0.2895854638297199
3494,0.5375,320,3.1021496036823835,0.6595362250682072
3495,0.5833333333333334,12,1.4962204585192298,0.5181059976539724
3496,0.15254237288135594,59,0.6245610349152357,0.4413410974842645
3497,0.052083333333333336,96,0.2382661967970512,0.4073210618129837
3498,0.7186440677966102,295,4.0893430654803415,0.7464759236373781
3499,0.6176470588235294,884,4.191098251328427,0.7554372524222857
3500,-0.1807909604519774,177,-0.9368196249115633,0.30383414553399174
3501,0.41263940520446096,269,2.3101295072446826,0.5897849644393032
3502,0.3522727272727273,88,1.5812241757010947,0.5255920658209867
3503,0.3146853146853147,143,1.5639272621043359,0.524068769210472
3504,0.6831395348837209,688,4.464481682233168,0.7795134583499223
3505,0.6422535211267606,355,3.77319494826553,0.7186335370358633
3506,0.30538922155688625,167,1.5648033709554863,0.524145925960775
3507,0.7326478149100257,389,4.371084371851548,0.7712881870875289
3508,0.7178082191780822,365,4.236958721510022,0.7594760711626031
3509,-0.07608695652173914,92,-0.34487170056600863,0.3559655423703514
3510,0.5797807551766139,821,3.8913379147950566,0.7290380973329278
3511,-0.24242424242424243,66,-1.0193194228826583,0.2965685913693994
3512,0.526431718061674,454,3.2219186853067776,0.6700839933195961
3513,0.2976190476190476,420,1.7984026290721373,0.5447184377049828
3514,0.1774193548387097,62,0.7350722901662397,0.4510735517516626
3515,0.16666666666666666,192,0.8771150314841476,0.4635829063938887
3516,0.5770925110132159,227,3.133234702171946,0.6622738131877167
3517,1.0,2,1.0986122886681096,0.4830896247005512
3518,-0.05555555555555555,54,-0.22262962140180395,0.36673110142870313
3519,0.3165829145728643,199,1.6773567542338004,0.5340582254175958
3520,-0.21875,32,-0.7648610290707926,0.31897811585724156
3521,0.6542553191489362,188,3.42944086623583,0.6883599610549673
3522,0.6666666666666666,3,0.9241962407465937,0.46772923262065913
3523,0.125,8,0.27465307216702745,0.4105255643739895
3524,0.3202247191011236,534,2.011737104343103,0.5635062798982347
3525,0.10277777777777777,360,0.6052457901619904,0.43964005141617307
3526,0.5856966707768188,811,3.9238750451008597,0.7319035623208545
3527,0.47956823438704704,1297,3.4378232043933923,0.6890981729464806
3528,0.1277258566978193,321,0.7375595432003761,0.45129259800492605
3529,0.36774193548387096,155,1.8570438220207974,0.5498828232443762
3530,1.0,1,0.6931471805599453,0.44738131053177826
3531,0.037037037037037035,27,0.12341498185834088,0.39720639797709406
3532,0.5714285714285714,21,1.766309973347609,0.5418921164995191
3533,0.2857142857142857,7,0.5941261547656673,0.4386607724936864
3534,0.08316831683168317,505,0.5178505744753932,0.4319433698616355
3535,0.1873015873015873,630,1.2075906218727985,0.4926870782960507
3536,0.5766871165644172,489,3.572233783827234,0.700935381875319
3537,0.29411764705882354,34,1.0456906063204159,0.47842894238332623
3538,0.5056818181818182,176,2.617484807949266,0.6168529893310262
3539,0.6153846153846154,39,2.270079664070115,0.5862578733187868
3540,-0.03571428571428571,28,-0.12026056535665978,0.3757464922510513
3542,0.0,2,0.0,0.3863375442651356
3543,0.66626936829559,839,4.486259424954808,0.7814313705535626
3544,0.020618556701030927,97,0.09453541193135201,0.394663045329998
3545,0.5891647855530474,443,3.5914451710943807,0.7026272814702165
3546,0.5291479820627802,223,2.863561587977106,0.6385243657211498
3547,0.6493506493506493,77,2.829031705642592,0.635483403966476
3548,0.5693430656934306,274,3.1978696760437413,0.667966056261537
3549,0.5692307692307692,260,3.16749623186061,0.6652911417853213
3550,0.3,160,1.524421309495339,0.5205895771934799
3551,0.72,400,4.315652227660729,0.7664064145743525
3552,0.5635987590486039,967,3.8748722725602214,0.7275880087453908
3553,-0.17073170731707318,82,-0.7544362013311265,0.3198962047794184
3554,0.4117647058823529,119,1.9713201293808422,0.5599468563847351
3555,0.4251101321585903,908,2.895996923295712,0.6413808658750849
3556,0.4481707317073171,328,2.5976234431783833,0.6151038478170539
3557,-0.08620689655172414,116,-0.4105322357584273,0.3501829806350634
3559,0.5666666666666667,30,1.945926082541583,0.5577104651776501
3562,0.038461538461538464,26,0.12676295638478188,0.39750124585383745
3563,-0.6923076923076923,13,-1.8270396897336407,0.22543465537235688
3564,-0.6796875,128,-3.303153743589574,0.09543692355774239
3565,0.20938628158844766,277,1.178346659184321,0.4901116344752683
3566,0.28618421052631576,304,1.637062909752779,0.5305096457025389
3567,0.34285714285714286,35,1.2286350646135233,0.49454041057511844
3568,0.2692307692307692,26,0.8873406946934732,0.4644834553860483
3569,0.16216216216216217,37,0.589878836712387,0.43828672164593563
3570,0.6,10,1.4387371636790223,0.5130435853512526
3571,0.29133858267716534,127,1.4135836201970537,0.5108283746829344
3572,-0.7532467532467533,77,-3.281676778545407,0.0973283470115807
3573,-0.8846153846153846,26,-2.9155479968499836,0.1295724077249939
3574,-1.0,17,-2.8903717578961645,0.13178961712766155
3575,0.3333333333333333,3,0.46209812037329684,0.4270333884428974
3576,0.5422535211267606,284,3.065082161131593,0.6562717866305514
3577,-0.25,60,-1.0277184660433278,0.29582890830937575
3578,0.7182952182952183,1924,5.432237777011249,0.8647413558435383
3579,-0.3382352941176471,68,-1.4321242589078966,0.2602138854269937
3580,0.13793103448275862,29,0.4691306733327111,0.4276527280740064
3581,-0.14285714285714285,14,-0.3868643144431728,0.35226735621546834
3584,-0.18604651162790697,129,-0.9055878047359223,0.30658465507129307
3585,0.6842105263157895,19,2.049711555589573,0.5668505963594527
3586,0.32142857142857145,28,1.0823450882099381,0.481657012391894
3587,0.0,30,0.0,0.3863375442651356
3588,0.3333333333333333,48,1.297273432703542,0.5005852227248644
3590,-0.12941176470588237,85,-0.5764449442210422,0.3355714567334934
3591,0.3248407643312102,628,2.0933165228772133,0.570690778510985
3592,-0.125,8,-0.27465307216702745,0.36214952415628165
3593,-0.7514619883040936,342,-4.386832529010663,0.0
3594,0.24725274725274726,182,1.2880597630651867,0.49977379751585255
3595,0.0,4,0.0,0.3863375442651356
3596,-0.2,60,-0.8221747728346623,0.3139306355005277
3597,-0.10810810810810811,37,-0.3932525578082579,0.35170475934460227
3598,0.3463687150837989,179,1.798677791928453,0.544742670620527
3599,0.4368932038834951,103,2.029102820013221,0.5650356357380193
3600,-0.09090909090909091,121,-0.43672918588484155,0.3478758797115281
3601,1.0,2,1.0986122886681096,0.4830896247005512
3602,0.02040816326530612,49,0.07983720419241114,0.39336861034862847
3603,0.0,3,0.0,0.3863375442651356
3604,0.5245901639344263,122,2.524424579867498,0.6086574040771775
3605,0.11764705882352941,51,0.4648522021860503,0.4272759336499934
3606,0.6804733727810651,169,3.4947740843833146,0.6941136967836776
3607,1.0,1,0.6931471805599453,0.44738131053177826
3608,0.32171893147502906,861,2.174580383244882,0.5778474866926467
3609,0.75,4,1.2070784343255752,0.4926419711993269
3610,-0.3235294117647059,34,-1.1502596669524574,0.28503700633512585
3611,0.13333333333333333,15,0.36967849629863747,0.41889421960734496
3612,0.4666666666666667,30,1.6025273620930682,0.5274681850166182
3613,0.6170212765957447,94,2.8098389331152274,0.6337931437258979
3614,0.1974169741697417,542,1.2431562679574373,0.4958192572150488
3615,0.20579710144927535,345,1.2031801537075315,0.49229865921947086
3616,-0.3333333333333333,138,-1.644824644376897,0.24148188596202355
3617,0.24105011933174225,419,1.456004118947539,0.5145642436055305
3618,0.33062330623306235,369,1.9551419151432763,0.5585220808735198
3619,0.17391304347826086,92,0.7882781727223054,0.4557592628817853
3620,0.0,50,0.0,0.3863375442651356
3621,-1.0,3,-1.3862943611198906,0.26425001173185025
3622,0.6071428571428571,84,2.6973239771548347,0.6238842284683918
3623,0.1706016755521706,1313,1.2250618344143034,0.4942257249856569
3624,0.5410872313527181,791,3.6115199439906123,0.7043952173125632
3625,0.5625,16,1.5936825060316215,0.5266892403116266
3626,-0.24489795918367346,49,-0.9580464503089337,0.30196475126322064
3627,0.37383177570093457,107,1.750329430700643,0.5404847494387925
3628,0.40594059405940597,101,1.877464211333219,0.5516811966738898
3629,0.7709090909090909,275,4.332818121934675,0.7679181726355628
3631,-0.3333333333333333,3,-0.46209812037329684,0.3456417000873738
3632,0.55,40,2.0424646366873693,0.5662123780473446
3633,0.34844192634560905,353,2.0451091227066693,0.5664452714226407
3634,0.8424242424242424,165,4.306462439888239,0.7655970925824911
3635,0.48459958932238195,487,2.9998243034524497,0.6505246877128159
3636,-0.1111111111111111,9,-0.2558427881104495,0.36380609957859145
3637,0.65,20,1.9789395845202251,0.5606178830463914
3638,0.17024539877300612,652,1.1034586830516622,0.4835164347263045
3639,0.5032537960954447,461,3.0877463226268187,0.6582677635539897
3640,0.25,12,0.6412373393653842,0.44280973857463707
3641,-0.125,8,-0.27465307216702745,0.36214952415628165
3642,0.15384615384615385,13,0.40600881994080906,0.4220937417968642
3643,0.4158415841584158,101,1.9232560213657361,0.5557139686838594
3644,0.29411764705882354,17,0.8501093405576955,0.4612045816585103
3645,0.3888888888888889,18,1.1450596030091713,0.4871801253616931
3646,-0.3111111111111111,180,-1.6173101875049236,0.24390501646208498
3647,1.0,1,0.6931471805599453,0.44738131053177826
3648,-0.2222222222222222,9,-0.511685576220899,0.3412746548920472
3649,0.1423728813559322,295,0.8101528714630866,0.4576857137634101
3651,-1.0,2,-1.0986122886681096,0.2895854638297199
3652,-0.2,5,-0.358351893845611,0.3547783749247239
3653,0.5704697986577181,149,2.858416107370347,0.6380712159078088
3654,0.7350597609561753,502,4.572505523439848,0.7890268521842859
3655,0.62,50,2.437731892289082,0.6010225924441145
3656,1.0,1,0.6931471805599453,0.44738131053177826
3657,0.5,6,0.9729550745276566,0.4720233031099322
3658,0.43478260869565216,69,1.8471718443692866,0.5490134224688273
3659,0.18421052631578946,38,0.6748666190238822,0.4457713864681343
3660,-0.05732484076433121,157,-0.29021245412256497,0.3607792476811181
3661,-0.4268292682926829,82,-1.8860905033278164,0.2202341955508426
3662,-0.4891304347826087,92,-2.217032360781484,0.1910889606558084
3663,-0.6206896551724138,58,-2.5308853100104467,0.16344870385010052
3664,-0.6851851851851852,54,-2.745765330622249,0.14452474928246908
3665,-0.6923076923076923,26,-2.281733214926074,0.185390915668503
3666,-0.8333333333333334,6,-1.6215917908794277,0.24352794619047458
3667,-0.7142857142857143,35,-2.559656384611507,0.16091490611933795
3668,0.6264044943820225,356,3.6818401104967964,0.7105881413096964
3669,-0.36619718309859156,71,-1.5661030858368654,0.2484146998786603
3670,0.47619047619047616,21,1.4719249777896741,0.5159663544604552
3671,0.6899016979445934,1119,4.843857748374635,0.8129241748012103
3672,0.02564102564102564,156,0.1296473283422643,0.3977552653933187
3673,-0.2903225806451613,31,-1.0061813911354045,0.29772562549097686
3674,-0.23404255319148937,47,-0.9060257685103574,0.30654608467956435
3675,0.6051660516605166,271,3.3924411028507144,0.6851014829548652
3676,0.31155778894472363,199,1.650732043849137,0.5317134527008902
3677,0.6444444444444445,45,2.467346677737417,0.6036306937127145
3678,0.5777777777777777,90,2.6062743815430687,0.6158657146677483
3679,0.7741935483870968,62,3.207588175270864,0.6688219405699805
3680,0.6595744680851063,47,2.553345347620098,0.6112043849153819
3681,0.7015384615384616,325,4.059731086004952,0.7438680694839096
3682,0.5761904761904761,210,3.083689686431448,0.6579105055881722
3683,0.8121019108280255,628,5.233291307193033,0.8472206298797593
3684,0.32122905027932963,358,1.889894063341207,0.5527758631487525
3685,0.45871559633027525,545,2.891109621901333,0.6409504532695656
3686,0.2179176755447942,413,1.3131427061604801,0.5019827905818731
3687,-1.0,2,-1.0986122886681096,0.2895854638297199
3688,-0.1710914454277286,339,-0.9972827310365546,0.2985093085851239
3689,-0.5673758865248227,141,-2.811816770270219,0.1387077615538474
3690,-0.5573770491803278,122,-2.6822011161092156,0.15012269321484115
3691,-0.30952380952380953,42,-1.1641809881908647,0.2838109898358397
3692,-0.4482758620689655,58,-1.8278616127853227,0.22536227063205472
3693,-0.15384615384615385,182,-0.8014594081294495,0.3157549866869117
3694,-0.6451612903225806,62,-2.6729901460590533,0.1509338806777649
3695,-0.6226415094339622,53,-2.483707047860775,0.16760357728578912
3696,-0.24615384615384617,65,-1.0312996288065046,0.29551352411852966
3697,-0.08864696734059098,643,-0.5733418777417545,0.3358447361612745
3698,0.17534246575342466,730,1.156280716230098,0.48816834118644253
3699,0.3699421965317919,865,2.5022464401618256,0.6067042298965823
3700,0.4268292682926829,246,2.351568192463161,0.593434367460506
3701,0.20436507936507936,504,1.2720823774114327,0.4983667084837485
3702,0.4831144465290807,1066,3.368566809962855,0.6829989327379683
3703,0.4912959381044487,1034,3.41065339119471,0.686705394366513
3704,0.1329639889196676,722,0.8753563508687555,0.4634280237204326
3705,-0.2868421052631579,380,-1.7046450839179221,0.23621364707751963
3706,0.27232142857142855,448,1.6630731971083816,0.5328003076952502
3707,0.08016877637130802,237,0.4387052438808356,0.4249732353831147
3708,-0.02247191011235955,267,-0.1256401568654125,0.3752727248667491
3709,-0.45132743362831856,113,-2.1375762908683122,0.19808646118134968
3710,-0.5027027027027027,185,-2.626996976515285,0.1549843859243184
3711,0.12121212121212122,33,0.4274376393474135,0.42398092518289504
3712,0.1917808219178082,365,1.132011872159166,0.4860310438178941
3713,0.5882352941176471,85,2.620204291913828,0.6170924875907817
3714,0.15151515151515152,66,0.6370746393016615,0.4424431398249707
3715,-0.4090909090909091,88,-1.8362603330722391,0.2246226160067278
3716,-0.417910447761194,67,-1.7633763544019552,0.23104132863127846
3717,0.023972602739726026,584,0.15274411962542123,0.399789342957422
3718,0.22950819672131148,61,0.9472111703382178,0.4697561008270614
3719,0.1111111111111111,45,0.4254045996098994,0.4238018803767872
3720,0.5172413793103449,87,2.315863869557693,0.5902899756151994
3721,-0.25,24,-0.8047189562170501,0.31546792630900805
3722,-1.0,1,-0.6931471805599453,0.3252937779984929
3723,0.5613382899628253,269,3.1426086089544785,0.6630993500876519
3724,0.5487179487179488,195,2.896196248911105,0.6413984199914663
3725,0.10714285714285714,112,0.5065058377191793,0.4309442668163869
3726,0.35714285714285715,98,1.641114232190925,0.5308664356988355
3727,0.581081081081081,148,2.907698529130469,0.6424113975017796
3728,0.7027027027027027,148,3.5162865933670795,0.6960082505047981
3729,0.35135135135135137,222,1.8998171088913933,0.553649761348453
3730,0.7969094922737306,453,4.875569731772465,0.8157169711317457
3731,0.37209302325581395,43,1.4080705614579576,0.5103428531681361
3732,-0.014084507042253521,71,-0.060234734070648666,0.38103281948104034
3733,0.6643598615916955,289,3.7668413052327328,0.7180739873311058
3734,0.38596491228070173,57,1.567188530386337,0.5243559810816628
3735,0.7313131313131314,495,4.538950475705907,0.78607174171369
3736,0.5897435897435898,39,2.1754930114005266,0.5779278596082178
3737,0.64,50,2.5163684049435684,0.6079479165789202
3738,0.37662337662337664,77,1.6408383892727034,0.530842142891913
3739,0.6,40,2.2281432400225847,0.582564635663909
3740,0.3321917808219178,584,2.11659708623798,0.5727410404296766
3741,0.7136929460580913,241,3.9174161365101665,0.7313347421374855
3742,0.6324786324786325,234,3.453071179886049,0.6904410246208699
3743,-0.2727272727272727,77,-1.1881933163698886,0.2816962831905726
3744,0.2375296912114014,421,1.4358682456142546,0.5127909267980687
3745,0.30467289719626167,535,1.9146053612234406,0.554952126335526
3746,0.5507246376811594,69,2.339751002867763,0.5923936566564784
3747,0.5405405405405406,148,2.7048358410515996,0.6245457798341068
3748,0.0,2,0.0,0.3863375442651356
3749,0.09090909090909091,22,0.2850449287208318,0.4114407496049739
3751,0.6305492851768246,1329,4.535499531511542,0.7857678255517142
3752,0.04642857142857143,560,0.2938798991849823,0.41221882370974133
3753,0.5282258064516129,1240,3.7629078018621107,0.717727573370118
3754,-0.27184466019417475,206,-1.4496711282663137,0.2586685758277233
3755,0.28529121421520237,1013,1.9746882677390685,0.5602434800405179
3756,0.4583333333333333,24,1.4753180863979252,0.5162651771847027
3757,-0.058823529411764705,17,-0.17002186811153908,0.37136413678646063
3758,-0.14166666666666666,120,-0.679403660626205,0.3265041359744692
3759,0.2,35,0.716703787691222,0.44945588294595895
3760,0.36721311475409835,305,2.101775512848087,0.5714357409390466
3761,0.0,28,0.0,0.3863375442651356
3762,-1.0,3,-1.3862943611198906,0.26425001173185025
3763,0.4693295292439372,701,3.075954479207549,0.6572292849253135
3764,-0.24489795918367346,245,-1.348244457779354,0.2676009730732954
3765,-0.15217391304347827,46,-0.5858920263471828,0.33473947546114075
3766,-0.2931937172774869,191,-1.5414646116940092,0.25058454965793553
3767,-0.5576923076923077,104,-2.5954778875878497,0.15776019451358453
3768,-0.5308641975308642,81,-2.339369476942752,0.18031503192302362
3769,0.32105263157894737,190,1.6862562058465496,0.5348419782184239
3770,0.3994082840236686,338,2.326952705610535,0.5912665421153067
3771,0.31788079470198677,151,1.5969951324544456,0.5269809751678806
3772,-0.6666666666666666,3,-0.9241962407465937,0.30494585590961204
3773,-0.1111111111111111,171,-0.5719438307570502,0.3359678587184421
3774,-0.671875,64,-2.804666446961131,0.13933747292980408
3775,0.3,20,0.9133567313170269,0.4667746237026382
3776,0.3333333333333333,24,1.0729586082894,0.48083036820663894
3777,-0.5454545454545454,11,-1.355403627157091,0.2669704826458441
3778,-0.16666666666666666,6,-0.3243183581758855,0.3577756246502034
3779,0.0,1,0.0,0.3863375442651356
3780,0.024390243902439025,41,0.09116267361666752,0.39436601656737097
3781,-0.2413793103448276,29,-0.8209786783322445,0.3140359725996117
3782,-0.22727272727272727,44,-0.8651505658568908,0.31014586317807047
3783,0.7702127659574468,235,4.208313007275045,0.7569533136107532
3784,0.22424242424242424,165,1.14632453435874,0.48729152475248927
3785,0.04241435562805873,613,0.27229994801276625,0.41031833052106803
3786,0.23369565217391305,184,1.219974459121565,0.4937776923643171
3787,0.6349206349206349,63,2.6405606878474104,0.618885225280917
3788,0.5650406504065041,246,3.11302836907028,0.6604942911618642
3789,0.7628205128205128,156,3.8570080181823627,0.7260147478285839
3790,0.3137254901960784,51,1.239605872496134,0.49550658262475633
3791,0.06206896551724138,435,0.3772329668285607,0.4195595232343818
3792,0.4305555555555556,72,1.847281148272224,0.5490230485945479
3793,0.6115155526141628,1511,4.477020666067027,0.7806177357961017
3794,0.24793388429752067,121,1.1910795978677498,0.49123299304770146
3795,0.30303030303030304,66,1.274149278603323,0.4985487353848058
3796,0.46153846153846156,13,1.2180264598224273,0.4936061368603214
3797,-0.4827586206896552,29,-1.641957356664489,0.24173440093408777
3798,0.2786177105831533,463,1.7106805771861486,0.5369929724907512
3799,-0.73,100,-3.3690379772941195,0.08963466124504252
3800,-0.3333333333333333,3,-0.46209812037329684,0.3456417000873738
3801,0.8341708542713567,199,4.419701923854141,0.7755698152382847
3802,-0.40460526315789475,304,-2.3144682517194464,0.18250802154328946
3803,0.4444444444444444,9,1.023371152441798,0.47646332301131233
3804,-0.32558139534883723,43,-1.2320617412757129,0.2778328989750102
3805,-0.14705882352941177,34,-0.5228453031602079,0.3402918452060403
3806,0.1724137931034483,58,0.7030236972251241,0.44825111104708976
3807,0.25471698113207547,106,1.1902488540610514,0.49115983148521397
3808,0.6818181818181818,44,2.595451697570672,0.6149125875263308
3809,0.2962056303549572,817,1.9866103861173374,0.5612934316642098
3810,0.0963855421686747,83,0.42706667940658444,0.42394825565388683
3811,0.7527777777777778,360,4.433016463078363,0.7767423939389511
3812,0.4280701754385965,285,2.4211614067369194,0.5995632705636534
3813,0.21686746987951808,83,0.9609000286648149,0.4709616448898259
3814,0.7031963470319634,219,3.7927791878459525,0.720358272816353
3816,0.5526315789473685,38,2.024599857071647,0.5646390708741317
3817,0.125,16,0.354151668007027,0.4175268100532447
3818,-0.42857142857142855,7,-0.891189232148501,0.3078527019223093
3819,0.7306122448979592,245,4.022262632375073,0.7405683149874588
3820,-0.5945945945945946,37,-2.1628890679454185,0.19585722720220222
3821,-0.1935483870967742,248,-1.067894108993169,0.29229073831226055
3822,0.5285714285714286,70,2.25313079215041,0.5847652278821942
3823,0.4090909090909091,66,1.720101526114486,0.5378226522766905
3824,-0.5128205128205128,117,-2.446504935623418,0.17087987575130126
3825,-0.12437810945273632,201,-0.6602323006717917,0.32819251046244663
3826,-0.30617283950617286,405,-1.8389822019521356,0.22438290771334832
3827,0.33263598326359833,478,2.052929696628317,0.5671340101204716
3828,0.0,2,0.0,0.3863375442651356
3830,-0.04,25,-0.13032386152085929,0.3748602425249497
3831,0.5698924731182796,186,2.9811694268096036,0.6488817986389558
3832,0.2857142857142857,21,0.8831549866738045,0.4641148303823273
3833,-0.26785714285714285,56,-1.0829601610271116,0.2909639081891428
3834,-0.125,176,-0.6470187165717286,0.3293561982937918
3835,-0.20786516853932585,178,-1.078276824809595,0.2913763580835205
3836,0.6853333333333333,375,4.063745092936541,0.7442215731953821
3837,-0.0449438202247191,89,-0.20223863686877594,0.3685268852516646
3838,-0.2857142857142857,42,-1.0746286044838749,0.29169764786886243
3839,-0.2127659574468085,47,-0.8236597895548704,0.31379985373279806
3840,-0.26785714285714285,112,-1.2662645942979485,0.27482073788700717
3841,-0.18627450980392157,306,-1.0667657569034974,0.2923901095037768
3842,0.0,1,0.0,0.3863375442651356
3843,-0.23333333333333334,30,-0.8012636810465341,0.31577222388939424
3844,0.42401960784313725,408,2.5499331421456,0.6109038803771238
3845,0.32142857142857145,28,1.0823450882099381,0.481657012391894
3846,0.11594202898550725,138,0.5721129197832686,0.43672212106621805
3847,0.0,25,0.0,0.3863375442651356
3848,0.05,20,0.15222612188617116,0.39974372417138604
3849,0.7674418604651163,43,2.904145533007038,0.642098493877574
3850,0.0,13,0.0,0.3863375442651356
3851,0.625,40,2.3209825416901926,0.5907407644721913
3852,0.5288461538461539,208,2.8252729217121595,0.6351523771165783
3853,0.46153846153846156,13,1.2180264598224273,0.4936061368603214
3854,0.55,20,1.6744873407478829,0.5338055232338904
3855,0.5128205128205128,39,1.891733053391762,0.5529378184765115
3857,-0.18333333333333332,60,-0.7536602084317737,0.31996454456424506
3858,0.14492753623188406,69,0.6157239481230956,0.4405628369996995
3859,0.6951219512195121,82,3.0716331054195862,0.6568487121712699
3860,0.25,16,0.708303336014054,0.44871607584135376
3861,0.11618257261410789,241,0.6377189059435155,0.44249987880249486
3862,0.2,20,0.6089044875446846,0.4399622638901374
3863,0.22644376899696048,658,1.4697839006700206,0.5157777950679963
3864,-0.14685314685314685,143,-0.7298327223153567,0.32206297262397865
3865,0.17687074829931973,147,0.883860674271204,0.4641769785522414
3866,0.0,6,0.0,0.3863375442651356
3867,0.08333333333333333,12,0.21374577978846138,0.40516160903496945
3868,0.5,692,3.2705149995949516,0.6743637511171121
3869,0.12064965197215777,431,0.7321534352405887,0.45081649538204166
3870,0.5510204081632653,49,2.1556045131951005,0.5761763285194442
3871,0.5639344262295082,305,3.2277266804452767,0.6705954891572131
3872,0.6078431372549019,102,2.8171882085317392,0.6344403763243084
3873,0.4785714285714286,280,2.6983554488954353,0.6239750676460005
3874,0.0,24,0.0,0.3863375442651356
3875,0.2,5,0.358351893845611,0.41789671360554725
3876,-0.75,4,-1.2070784343255752,0.2800331173309443
3877,-0.6483516483516484,182,-3.3775789342598226,0.08888248018547786
3878,0.08333333333333333,12,0.21374577978846138,0.40516160903496945
3879,-0.11805555555555555,144,-0.58753106681354,0.33459512920116025
3880,0.5,18,1.4722194895832201,0.5159922913892809
3881,1.0,1,0.6931471805599453,0.44738131053177826
3882,0.27350427350427353,234,1.4932199696804538,0.5178417519865343
3883,-0.13333333333333333,15,-0.36967849629863747,0.3537808689229262
3884,-0.4,40,-1.4854288266817233,0.2555194833326199
3885,0.19230769230769232,26,0.6338147819239095,0.4421560522086447
3886,0.075,40,0.2785179050028231,0.41086593068998223
3887,0.0,4,0.0,0.3863375442651356
3888,1.0,2,1.0986122886681096,0.4830896247005512
3889,-0.3333333333333333,135,-1.637551628578684,0.24212240256353532
3890,0.0,1,0.0,0.3863375442651356
3891,-1.0,7,-2.0794415416798357,0.20320624546520763
3892,0.0,10,0.0,0.3863375442651356
3893,0.4221824686940966,559,2.671543973094973,0.6216138469587793
3894,0.23809523809523808,21,0.7359624888948371,0.4511519493627954
3895,-0.3829787234042553,94,-1.7440379584853134,0.2327444135653521
3896,0.2681564245810056,179,1.392524742138157,0.5089737711209225
3897,0.8088531187122736,994,5.583304990619224,0.8780454735499519
3898,-0.15555555555555556,45,-0.5955664394538592,0.33388747370882343
3899,-0.6666666666666666,3,-0.9241962407465937,0.30494585590961204
3900,-0.030303030303030304,33,-0.10685940983685338,0.3769266990356957
3901,-0.16981132075471697,106,-0.7934992360407009,0.31645601945175
3902,0.08333333333333333,24,0.26823965207235,0.40996075025051143
3903,0.28846153846153844,52,1.1452765135246505,0.4871992281369464
3904,-1.0,1,-0.6931471805599453,0.3252937779984929
3905,0.5,8,1.0986122886681098,0.48308962470055133
3906,0.0625,32,0.21853172259165501,0.40558309523881964
3908,-0.4891304347826087,92,-2.217032360781484,0.1910889606558084
3909,-0.2318840579710145,69,-0.9851583169969529,0.29957707588983334
3910,0.495,200,2.6251359294892427,0.6175268047746477
3911,0.7321156773211568,657,4.750848663573025,0.8047330936101748
3912,-0.375,40,-1.3925895250141154,0.26369561214090215
3913,0.0,32,0.0,0.3863375442651356
3914,0.32857142857142857,70,1.4005948167421465,0.5096844827297936
3915,0.3779527559055118,127,1.833838209985367,0.5478391621044422
3916,0.6567505720823799,437,3.99450074892,0.7381233942371729
3917,0.15412186379928317,279,0.8684442757572679,0.4628192942768789
3918,-0.08383233532934131,167,-0.4295538665368001,0.34850779242711694
3919,-0.47126436781609193,87,-2.110009303374787,0.20051421792396648
3920,0.42424242424242425,66,1.783808990044652,0.5434332118326739
3921,-0.23404255319148937,47,-0.9060257685103574,0.30654608467956435
3922,-0.2564102564102564,39,-0.945866526695881,0.3030374071594476
3923,-0.2692307692307692,104,-1.25298932504241,0.2759898581781799
3924,-0.038461538461538464,26,-0.12676295638478188,0.3751738426764337
3925,0.6129032258064516,124,2.9592890647981847,0.6469548490070238
3926,0.3055555555555556,180,1.588429648442336,0.5262266340717032
3927,0.47701149425287354,348,2.792936606567824,0.6323045974256899
3928,0.33495145631067963,206,1.7862019258995654,0.5436439518040901
3929,0.6598639455782312,147,3.297480207857953,0.6767385106439535
3930,0.23318385650224216,223,1.261908496396691,0.4974707198220232
3931,-0.5925925925925926,27,-1.974639709733454,0.2124358848738002
3932,0.5646551724137931,232,3.0779570578323567,0.6574056470961941
3933,-0.3125,16,-0.8853791700175675,0.3083643797948628
3934,0.07142857142857142,28,0.24052113071331957,0.4075196482933041
3935,0.0,23,0.0,0.3863375442651356
3936,0.5892857142857143,112,2.7857821074554865,0.6316745182970182
3937,-0.022222222222222223,135,-0.10917010857191228,0.3767232014850289
3938,-0.5925925925925926,27,-1.974639709733454,0.2124358848738002
3939,-0.5769230769230769,26,-1.9014443457717283,0.21888202043460842
3940,-0.6666666666666666,15,-1.8483924814931874,0.22355416755408852
3941,-0.5,22,-1.5677471079645748,0.248269914896025
3942,-0.6785714285714286,28,-2.284950741776536,0.18510755599753442
3943,0.07291666666666667,96,0.33357267551587166,0.415714468832123
3944,-0.5555555555555556,9,-1.2792139405522478,0.2736803208324146
3945,-0.7441860465116279,43,-2.8161411229159152,0.13832692645913464
3946,-0.44,100,-2.030653027410154,0.20750292984206578
3947,0.36363636363636365,55,1.4637642511764182,0.5152476593522342
3948,0.4872389791183295,862,3.293937552500046,0.6764265177055178
3949,0.7105263157894737,304,4.064432051800003,0.7442820719717921
3950,0.48148148148148145,54,1.9294567188156342,0.5562600488475499
3951,0.575,40,2.135303938354977,0.5743885068556268
3952,0.5902061855670103,388,3.519741416723258,0.6963125082950077
